,chrom,resolution,total_bins_in_chrom,total_bins_with_pls_and_els,min_count,max_count,average_count,median_count,standarddeviation,total_count,list_of_counts,list_of_indexes
0,chr9,250000,306916,63,1,40,0.0018343781360372219,6.0,7.126683629257323,563,"[ 1  1  1  9  3  2  3  6 18  6  4  6  6  6 24  6 16  9  6  9 27  9  6  9
  9  9 27  9  6  9  9 18  6 40 15  6  8 10 12  8 14 12 16 20  4  3  3  3
  4  5  1  4  6 18  6  4  6  6  8 10  2  8  6]","[[ 0  2]
 [ 0  2]
 [ 0  2]
 [ 0  8]
 [ 0  9]
 [ 0 10]
 [ 0 11]
 [ 1  2]
 [ 1  8]
 [ 1  9]
 [ 1 10]
 [ 1 11]
 [ 1 14]
 [ 2  2]
 [ 2  8]
 [ 2  9]
 [ 2 10]
 [ 2 11]
 [ 2 14]
 [ 2  3]
 [ 3  8]
 [ 3  9]
 [ 3 10]
 [ 3 11]
 [ 3 14]
 [ 2  4]
 [ 4  8]
 [ 4  9]
 [ 4 10]
 [ 4 11]
 [ 4 14]
 [ 8  8]
 [ 8  9]
 [ 8 10]
 [ 8 11]
 [ 8 14]
 [ 8 18]
 [ 8 19]
 [ 9 10]
 [10 10]
 [10 11]
 [10 14]
 [10 18]
 [10 19]
 [10 22]
 [ 9 11]
 [11 11]
 [11 14]
 [11 18]
 [11 19]
 [11 22]
 [11 24]
 [ 2 12]
 [ 8 12]
 [ 9 12]
 [10 12]
 [11 12]
 [12 14]
 [12 18]
 [12 19]
 [12 22]
 [12 24]
 [12 25]]"
