,chrom,resolution,total_bins_in_chrom,total_bins_with_pls_and_els,min_count,max_count,average_count,median_count,standarddeviation,total_count,list_of_counts,list_of_indexes
0,chr21,25000,3493161,70,1.0,6.0,3.406656607010098e-05,1.0,1.0737118528064886,119.0,"[1. 1. 1. 1. 1. 1. 2. 2. 1. 1. 1. 1. 2. 2. 1. 1. 1. 1. 2. 1. 2. 1. 1. 1.
 1. 2. 1. 2. 1. 1. 1. 1. 2. 1. 2. 1. 1. 1. 1. 2. 1. 3. 3. 2. 1. 4. 2. 2.
 2. 2. 4. 2. 6. 6. 4. 2. 2. 2. 1. 1. 1. 1. 2. 1. 3. 3. 2. 1. 1. 1.]","[[559 575]
 [559 575]
 [559 584]
 [559 596]
 [559 616]
 [559 630]
 [559 651]
 [561 575]
 [561 584]
 [561 596]
 [561 616]
 [561 630]
 [561 651]
 [568 575]
 [568 584]
 [568 596]
 [568 616]
 [568 630]
 [568 651]
 [568 684]
 [570 575]
 [570 584]
 [570 596]
 [570 616]
 [570 630]
 [570 651]
 [570 684]
 [575 575]
 [575 584]
 [575 596]
 [575 616]
 [575 630]
 [575 651]
 [575 684]
 [575 602]
 [584 602]
 [596 602]
 [602 616]
 [602 630]
 [602 651]
 [602 684]
 [602 700]
 [602 712]
 [602 716]
 [602 719]
 [575 629]
 [584 629]
 [596 629]
 [616 629]
 [629 630]
 [629 651]
 [629 684]
 [629 700]
 [629 712]
 [629 716]
 [629 719]
 [629 726]
 [575 663]
 [584 663]
 [596 663]
 [616 663]
 [630 663]
 [651 663]
 [663 684]
 [663 700]
 [663 712]
 [663 716]
 [663 719]
 [663 726]
 [663 764]]"
