,chrom,resolution,total_bins_in_chrom,total_bins_with_pls_and_els,min_count,max_count,average_count,median_count,standarddeviation,total_count,list_of_counts,list_of_indexes
0,chr13,1000,13079353225,654,1,6,8.670153489183713e-08,2.0,0.9284053129450028,1134,"[1 3 1 2 1 2 2 1 2 1 2 1 2 1 2 2 1 1 2 1 1 3 1 1 2 1 1 1 1 1 3 3 1 1 2 2 3
 1 2 2 2 2 1 1 2 2 1 1 3 2 2 1 3 2 1 3 1 2 2 2 1 1 2 1 3 2 1 1 3 1 3 3 1 1
 1 1 2 2 2 1 1 1 1 1 1 3 1 2 1 2 2 1 2 1 2 1 2 1 2 2 1 1 2 1 1 3 1 1 2 1 1
 1 6 2 4 2 4 4 2 4 2 5 3 5 2 5 4 2 3 5 2 4 6 2 2 4 3 2 2 2 4 1 3 1 2 1 2 2
 1 2 1 2 1 2 1 2 2 1 1 2 1 1 3 1 1 2 1 1 1 1 2 3 3 1 1 2 2 2 2 2 2 1 1 2 2
 1 1 2 3 1 4 3 1 4 1 3 2 2 1 1 3 2 4 3 1 1 5 3 3 3 1 1 1 1 2 2 3 2 1 1 1 1
 1 2 1 2 2 2 1 3 3 1 1 2 2 1 2 2 2 2 1 1 2 2 1 1 2 1 2 2 1 4 1 2 2 2 1 1 3
 1 4 2 1 1 5 1 3 3 1 1 1 1 2 2 3 1 1 1 1 1 1 2 1 2 2 2 1 1 3 1 2 2 2 1 2 1
 1 2 2 1 3 4 1 5 3 1 1 2 3 1 1 1 2 2 1 1 3 1 2 1 2 2 1 2 1 2 1 2 1 2 2 1 1
 2 1 1 3 1 1 2 1 1 1 1 2 2 1 3 1 2 2 2 1 2 1 1 2 1 1 3 1 3 3 1 1 2 2 1 1 1
 2 2 1 3 1 2 2 2 1 2 1 1 2 1 2 1 5 3 1 1 2 3 1 1 1 2 2 1 1 3 6 1 2 2 4 1 2
 4 2 4 1 2 2 4 1 2 2 1 2 1 2 2 2 4 1 2 1 2 1 2 1 2 3 6 1 2 1 2 2 4 1 3 1 1
 2 2 1 2 2 4 2 4 1 2 1 3 1 2 1 2 2 1 2 1 2 1 2 1 2 2 1 1 2 1 1 3 1 1 2 1 1
 1 1 2 2 1 3 1 2 2 2 1 2 1 1 2 1 1 3 1 1 2 1 1 1 1 2 2 1 1 1 1 1 1 3 3 1 1
 2 2 1 1 2 2 2 2 1 1 2 2 1 1 2 2 1 1 2 2 1 2 1 2 2 2 1 1 1 1 2 2 1 1 1 1 3
 3 1 1 1 1 2 2 1 1 1 1 1 1 1 2 1 2 2 2 1 1 1 1 1 1 1 1 1 1 3 3 1 1 2 2 1 1
 2 2 2 2 1 1 2 2 1 1 2 2 1 1 2 2 1 2 1 2 2 2 1 1 1 1 2 2 1 1 1 1 3 3 1 1 1
 1 2 2 1 1 1 1 1 1 1 2 1 2 2 2 1 1 1 1 1 1 1 1 1 1]","[[19633 19782]
 [19633 19864]
 [19633 19865]
 ...
 [22041 24529]
 [22040 24716]
 [22041 24716]]"
