,chrom,resolution,total_bins_in_chrom,total_bins_with_pls_and_els,min_count,max_count,average_count,median_count,standarddeviation,total_count,list_of_counts,list_of_indexes
0,chr10,10000,179024400,85,1,8,8.378746137398031e-07,1.0,1.2237556351949028,150,"[1 1 2 1 1 1 3 2 1 1 1 1 2 4 1 1 1 1 1 2 1 1 1 3 2 1 1 1 1 2 4 1 1 1 2 2 4
 2 2 2 6 4 2 2 2 2 4 8 2 2 2 1 1 2 1 1 1 3 2 1 1 1 1 2 4 1 1 1 1 1 2 1 1 1
 3 2 1 1 1 1 2 4 1 1 1]","[[ 13  93]
 [ 39  93]
 [ 93  93]
 [ 93 111]
 [ 93 124]
 [ 93 130]
 [ 93 131]
 [ 93 220]
 [ 93 296]
 [ 93 317]
 [ 93 345]
 [ 93 348]
 [ 93 377]
 [ 93 378]
 [ 93 382]
 [ 93 383]
 [ 93 388]
 [ 13  98]
 [ 39  98]
 [ 93  98]
 [ 98 111]
 [ 98 124]
 [ 98 130]
 [ 98 131]
 [ 98 220]
 [ 98 296]
 [ 98 317]
 [ 98 345]
 [ 98 348]
 [ 98 377]
 [ 98 378]
 [ 98 382]
 [ 98 383]
 [ 98 388]
 [ 13 104]
 [ 39 104]
 [ 93 104]
 [104 111]
 [104 124]
 [104 130]
 [104 131]
 [104 220]
 [104 296]
 [104 317]
 [104 345]
 [104 348]
 [104 377]
 [104 378]
 [104 382]
 [104 383]
 [104 388]
 [ 13 105]
 [ 39 105]
 [ 93 105]
 [105 111]
 [105 124]
 [105 130]
 [105 131]
 [105 220]
 [105 296]
 [105 317]
 [105 345]
 [105 348]
 [105 377]
 [105 378]
 [105 382]
 [105 383]
 [105 388]
 [ 13 173]
 [ 39 173]
 [ 93 173]
 [111 173]
 [124 173]
 [130 173]
 [131 173]
 [173 220]
 [173 296]
 [173 317]
 [173 345]
 [173 348]
 [173 377]
 [173 378]
 [173 382]
 [173 383]
 [173 388]]"
