,chrom,resolution,total_bins_in_chrom,total_bins_with_pls_and_els,min_count,max_count,average_count,median_count,standarddeviation,total_count,list_of_counts,list_of_indexes
0,chr3,10000,393228900,82,1,6,4.602917028733137e-07,2.0,1.2853565973656624,181,"[1 1 2 4 2 2 4 4 1 3 1 1 3 3 2 1 1 2 1 1 2 2 1 1 2 1 1 4 4 3 1 2 4 2 2 4 4
 2 2 1 1 2 4 3 1 1 1 2 3 1 1 2 1 1 2 2 1 1 1 2 4 2 2 4 4 2 2 2 1 1 1 1 1 3
 6 3 3 6 6 3 3 3]","[[ 19 312]
 [ 53 312]
 [209 312]
 [209 379]
 [209 380]
 [209 407]
 [209 446]
 [209 449]
 [312 312]
 [312 379]
 [312 380]
 [312 407]
 [312 446]
 [312 449]
 [312 512]
 [312 521]
 [312 317]
 [317 379]
 [317 380]
 [317 407]
 [317 446]
 [317 449]
 [317 512]
 [317 521]
 [379 379]
 [379 380]
 [379 407]
 [379 446]
 [379 449]
 [379 512]
 [379 521]
 [312 430]
 [379 430]
 [380 430]
 [407 430]
 [430 446]
 [430 449]
 [430 512]
 [430 521]
 [380 446]
 [407 446]
 [446 446]
 [446 449]
 [446 512]
 [446 521]
 [380 449]
 [407 449]
 [449 449]
 [449 512]
 [449 521]
 [312 497]
 [379 497]
 [380 497]
 [407 497]
 [446 497]
 [449 497]
 [497 512]
 [497 521]
 [497 768]
 [312 498]
 [379 498]
 [380 498]
 [407 498]
 [446 498]
 [449 498]
 [498 512]
 [498 521]
 [498 768]
 [380 512]
 [407 512]
 [512 512]
 [512 521]
 [512 768]
 [312 518]
 [379 518]
 [380 518]
 [407 518]
 [446 518]
 [449 518]
 [512 518]
 [518 521]
 [518 768]]"
