,chrom,resolution,total_bins_in_chrom,total_bins_with_pls_and_els,min_count,max_count,average_count,median_count,standarddeviation,total_count,list_of_counts,list_of_indexes
0,chr3,25000,62916624,74,1,6,2.9086112439853736e-06,2.0,1.4632707991694405,183,"[1 1 2 4 2 2 4 4 2 1 3 1 1 3 3 2 1 1 2 1 1 2 2 1 1 2 1 1 4 4 3 1 2 4 2 2 4
 4 2 2 1 1 2 4 3 1 1 1 2 3 1 3 6 3 3 6 6 3 3 3 1 1 1 1 1 3 6 3 3 6 6 3 3 3]","[[  7 125]
 [ 21 125]
 [ 83 125]
 [ 83 151]
 [ 83 152]
 [ 83 162]
 [ 83 178]
 [ 83 179]
 [ 83 204]
 [125 125]
 [125 151]
 [125 152]
 [125 162]
 [125 178]
 [125 179]
 [125 204]
 [125 208]
 [125 127]
 [127 151]
 [127 152]
 [127 162]
 [127 178]
 [127 179]
 [127 204]
 [127 208]
 [151 151]
 [151 152]
 [151 162]
 [151 178]
 [151 179]
 [151 204]
 [151 208]
 [125 172]
 [151 172]
 [152 172]
 [162 172]
 [172 178]
 [172 179]
 [172 204]
 [172 208]
 [152 178]
 [162 178]
 [178 178]
 [178 179]
 [178 204]
 [178 208]
 [152 179]
 [162 179]
 [179 179]
 [179 204]
 [179 208]
 [125 199]
 [151 199]
 [152 199]
 [162 199]
 [178 199]
 [179 199]
 [199 204]
 [199 208]
 [199 307]
 [152 204]
 [162 204]
 [204 204]
 [204 208]
 [204 307]
 [125 207]
 [151 207]
 [152 207]
 [162 207]
 [178 207]
 [179 207]
 [204 207]
 [207 208]
 [207 307]]"
