,chrom,resolution,total_bins_in_chrom,total_bins_with_pls_and_els,min_count,max_count,average_count,median_count,standarddeviation,total_count,list_of_counts,list_of_indexes
0,chr15,100000,1040400,50,1,18,0.00021626297577854672,3.0,3.7429934544425802,225,"[ 1  7  4  5  2  1  4  3  2  2  3  1  4  3  2  2  3  1  4  3  2  2  3  4
  2  1 12 13 18  6  9 12  6  3  3  3 11  2  3  4  2  1  1  6  6  9 12  6
  3  3]","[[228 228]
 [228 248]
 [228 249]
 [228 254]
 [228 256]
 [228 229]
 [229 248]
 [229 249]
 [229 254]
 [229 256]
 [229 260]
 [228 230]
 [230 248]
 [230 249]
 [230 254]
 [230 256]
 [230 260]
 [228 236]
 [236 248]
 [236 249]
 [236 254]
 [236 256]
 [236 260]
 [236 262]
 [236 266]
 [236 267]
 [248 248]
 [248 249]
 [248 254]
 [248 256]
 [248 260]
 [248 262]
 [248 266]
 [248 267]
 [248 270]
 [249 249]
 [249 254]
 [249 256]
 [249 260]
 [249 262]
 [249 266]
 [249 267]
 [249 270]
 [254 254]
 [254 256]
 [254 260]
 [254 262]
 [254 266]
 [254 267]
 [254 270]]"
