,chrom,resolution,total_bins_in_chrom,total_bins_with_pls_and_els,min_count,max_count,average_count,median_count,standarddeviation,total_count,list_of_counts,list_of_indexes
0,chr6,100000,2920681,160,1,43,0.00034957600641768137,4.0,7.330477367641208,1021,"[ 1  2 10  5  9 17  8 13 10  4  1  1  1  4  2  4  6  2  5  5  2  1  2  8
  8 12 32 20 22 10  4  2  4  4 16  8 16 24  8 20 20  8  4  4  1  1  4  2
  4  6  2  5  5  2  1  1  3  1  1  4  2  4  6  2  5  5  2  1  1  3  1  2
  1  1  1  4  2  4  6  2  5  5  2  1  1  3  1  2  1  1  1  2  6 16 10 11
  5  2  1  1  3  1  2  1  1  1  1  4 26 18 17  5  2  1  1  3  1  2  1  1
  1  5 30 34 43 25 10  5  5 15  5 10  5  5  5  4  8 26 20  8  4  4 12  4
  8  4  4  4  3 15 15  6  3  3  9  3  6  3  3  3]","[[ 2  2]
 [ 2  5]
 [ 2  6]
 [ 2 27]
 [ 2 28]
 [ 2 29]
 [ 2 30]
 [ 2 31]
 [ 2 32]
 [ 2 33]
 [ 2  2]
 [ 2  3]
 [ 3  5]
 [ 3  6]
 [ 3 27]
 [ 3 28]
 [ 3 29]
 [ 3 30]
 [ 3 31]
 [ 3 32]
 [ 3 33]
 [ 3 34]
 [ 5  6]
 [ 6  6]
 [ 6 27]
 [ 6 28]
 [ 6 29]
 [ 6 30]
 [ 6 31]
 [ 6 32]
 [ 6 33]
 [ 6 34]
 [ 2 13]
 [ 5 13]
 [ 6 13]
 [13 27]
 [13 28]
 [13 29]
 [13 30]
 [13 31]
 [13 32]
 [13 33]
 [13 34]
 [13 40]
 [ 2 16]
 [ 5 16]
 [ 6 16]
 [16 27]
 [16 28]
 [16 29]
 [16 30]
 [16 31]
 [16 32]
 [16 33]
 [16 34]
 [16 40]
 [16 47]
 [ 2 22]
 [ 5 22]
 [ 6 22]
 [22 27]
 [22 28]
 [22 29]
 [22 30]
 [22 31]
 [22 32]
 [22 33]
 [22 34]
 [22 40]
 [22 47]
 [22 48]
 [22 50]
 [22 52]
 [ 2 26]
 [ 5 26]
 [ 6 26]
 [26 27]
 [26 28]
 [26 29]
 [26 30]
 [26 31]
 [26 32]
 [26 33]
 [26 34]
 [26 40]
 [26 47]
 [26 48]
 [26 50]
 [26 52]
 [26 56]
 [ 5 27]
 [27 27]
 [27 28]
 [27 29]
 [27 30]
 [27 31]
 [27 32]
 [27 33]
 [27 34]
 [27 40]
 [27 47]
 [27 48]
 [27 50]
 [27 52]
 [27 56]
 [27 58]
 [ 5 28]
 [28 28]
 [28 29]
 [28 30]
 [28 31]
 [28 32]
 [28 33]
 [28 34]
 [28 40]
 [28 47]
 [28 48]
 [28 50]
 [28 52]
 [28 56]
 [28 58]
 [ 5 29]
 [29 29]
 [29 30]
 [29 31]
 [29 32]
 [29 33]
 [29 34]
 [29 40]
 [29 47]
 [29 48]
 [29 50]
 [29 52]
 [29 56]
 [29 58]
 [ 5 30]
 [30 30]
 [30 31]
 [30 32]
 [30 33]
 [30 34]
 [30 40]
 [30 47]
 [30 48]
 [30 50]
 [30 52]
 [30 56]
 [30 58]
 [ 5 31]
 [31 31]
 [31 32]
 [31 33]
 [31 34]
 [31 40]
 [31 47]
 [31 48]
 [31 50]
 [31 52]
 [31 56]
 [31 58]]"
