,chrom,resolution,total_bins_in_chrom,total_bins_with_pls_and_els,min_count,max_count,average_count,median_count,standarddeviation,total_count,list_of_counts,list_of_indexes
0,chr13,1000000,13225,64,1,150,0.05716446124763705,1.0,31.01051988841851,756,"[  1   1   1   1   1   1   1   1   1   1  95 150  10  15   1   1   1   1
   1   1   1   1   1   1   1   1   1   1   1   1   1   1   1   1   1   1
   1   1   1   1   1   1   1   1   1   1   1   1   1   1   1   1   1   1
  44 144   8  12  12 112  16  24  24  40]","[[19 19]
 [19 19]
 [19 19]
 [19 19]
 [19 19]
 [19 19]
 [19 19]
 [19 19]
 [19 19]
 [19 19]
 [19 20]
 [19 21]
 [19 22]
 [19 23]
 [19 19]
 [19 19]
 [19 19]
 [19 19]
 [19 19]
 [19 19]
 [19 19]
 [19 19]
 [19 19]
 [19 19]
 [19 19]
 [19 19]
 [19 19]
 [19 19]
 [19 19]
 [19 19]
 [19 19]
 [19 19]
 [19 19]
 [19 19]
 [19 19]
 [19 19]
 [19 19]
 [19 19]
 [19 19]
 [19 19]
 [19 19]
 [19 19]
 [19 19]
 [19 19]
 [19 19]
 [19 19]
 [19 19]
 [19 19]
 [19 19]
 [19 19]
 [19 19]
 [19 19]
 [19 19]
 [19 19]
 [20 20]
 [20 21]
 [20 22]
 [20 23]
 [20 24]
 [21 21]
 [21 22]
 [21 23]
 [21 24]
 [21 25]]"
