,chrom,resolution,total_bins_in_chrom,total_bins_with_pls_and_els,min_count,max_count,average_count,median_count,standarddeviation,total_count,list_of_counts,list_of_indexes
0,chr21,10000,21818241,93,1.0,6.0,6.920814560623837e-06,1.0,0.993678714163262,151.0,"[1. 1. 1. 1. 1. 1. 2. 2. 1. 1. 1. 1. 2. 2. 1. 1. 1. 1. 2. 1. 1. 2. 1. 1.
 1. 1. 2. 1. 1. 2. 1. 1. 1. 1. 2. 1. 1. 2. 1. 1. 1. 1. 2. 1. 1. 3. 3. 2.
 1. 1. 2. 4. 1. 2. 1. 2. 1. 2. 1. 2. 2. 4. 1. 1. 2. 2. 3. 6. 3. 6. 2. 4.
 1. 1. 2. 2. 1. 2. 2. 1. 1. 1. 1. 2. 1. 1. 3. 3. 2. 1. 1. 1. 1.]","[[1398 1438]
 [1398 1438]
 [1398 1461]
 [1398 1491]
 [1398 1542]
 [1398 1575]
 [1398 1628]
 [1402 1438]
 [1402 1461]
 [1402 1491]
 [1402 1542]
 [1402 1575]
 [1402 1628]
 [1421 1438]
 [1421 1461]
 [1421 1491]
 [1421 1542]
 [1421 1575]
 [1421 1628]
 [1421 1711]
 [1421 1712]
 [1427 1438]
 [1427 1461]
 [1427 1491]
 [1427 1542]
 [1427 1575]
 [1427 1628]
 [1427 1711]
 [1427 1712]
 [1438 1438]
 [1438 1461]
 [1438 1491]
 [1438 1542]
 [1438 1575]
 [1438 1628]
 [1438 1711]
 [1438 1712]
 [1438 1506]
 [1461 1506]
 [1491 1506]
 [1506 1542]
 [1506 1575]
 [1506 1628]
 [1506 1711]
 [1506 1712]
 [1506 1751]
 [1506 1781]
 [1506 1790]
 [1506 1798]
 [1506 1799]
 [1438 1572]
 [1438 1573]
 [1461 1572]
 [1461 1573]
 [1491 1572]
 [1491 1573]
 [1542 1572]
 [1542 1573]
 [1572 1575]
 [1573 1575]
 [1572 1628]
 [1573 1628]
 [1572 1711]
 [1572 1712]
 [1573 1711]
 [1573 1712]
 [1572 1751]
 [1573 1751]
 [1572 1781]
 [1573 1781]
 [1572 1790]
 [1573 1790]
 [1572 1798]
 [1572 1799]
 [1573 1798]
 [1573 1799]
 [1572 1815]
 [1573 1815]
 [1438 1658]
 [1461 1658]
 [1491 1658]
 [1542 1658]
 [1575 1658]
 [1628 1658]
 [1658 1711]
 [1658 1712]
 [1658 1751]
 [1658 1781]
 [1658 1790]
 [1658 1798]
 [1658 1799]
 [1658 1815]
 [1658 1912]]"
