,chrom,resolution,total_bins_in_chrom,total_bins_with_pls_and_els,min_count,max_count,average_count,median_count,standarddeviation,total_count,list_of_counts,list_of_indexes
0,chrX,500000,97969,97,1,134,0.009809225367207994,1.0,22.963028318836493,961,"[  1   1   1   1   1   1   1   1   1   1   1   1   1  46 134  18  65 109
  10   1   1   1   1   1   1   1   1   1   1   1   1   1   1   1   1   1
   1   1   1   1   1   1   1   1   1   1   1   1   1   1   1   1   1   1
   1   1   1   1   1   1   1   1   1   1   1   1   1   1   1   1   1   8
  50   6  26  40   4   6  57  22  39  99   6   9   1  13  17   2   3   1
  39  42   6   9   3   3   3]","[[ 0  0]
 [ 0  0]
 [ 0  0]
 [ 0  0]
 [ 0  0]
 [ 0  0]
 [ 0  0]
 [ 0  0]
 [ 0  0]
 [ 0  0]
 [ 0  0]
 [ 0  0]
 [ 0  0]
 [ 0  1]
 [ 0  2]
 [ 0  3]
 [ 0  4]
 [ 0  5]
 [ 0  7]
 [ 0  0]
 [ 0  0]
 [ 0  0]
 [ 0  0]
 [ 0  0]
 [ 0  0]
 [ 0  0]
 [ 0  0]
 [ 0  0]
 [ 0  0]
 [ 0  0]
 [ 0  0]
 [ 0  0]
 [ 0  0]
 [ 0  0]
 [ 0  0]
 [ 0  0]
 [ 0  0]
 [ 0  0]
 [ 0  0]
 [ 0  0]
 [ 0  0]
 [ 0  0]
 [ 0  0]
 [ 0  0]
 [ 0  0]
 [ 0  0]
 [ 0  0]
 [ 0  0]
 [ 0  0]
 [ 0  0]
 [ 0  0]
 [ 0  0]
 [ 0  0]
 [ 0  0]
 [ 0  0]
 [ 0  0]
 [ 0  0]
 [ 0  0]
 [ 0  0]
 [ 0  0]
 [ 0  0]
 [ 0  0]
 [ 0  0]
 [ 0  0]
 [ 0  0]
 [ 0  0]
 [ 0  0]
 [ 0  0]
 [ 0  0]
 [ 0  0]
 [ 0  0]
 [ 1  1]
 [ 1  2]
 [ 1  3]
 [ 1  4]
 [ 1  5]
 [ 1  7]
 [ 1  8]
 [ 2  2]
 [ 2  3]
 [ 2  4]
 [ 2  5]
 [ 2  7]
 [ 2  8]
 [ 3  3]
 [ 3  4]
 [ 3  5]
 [ 3  7]
 [ 3  8]
 [ 3 10]
 [ 4  5]
 [ 5  5]
 [ 5  7]
 [ 5  8]
 [ 5 10]
 [ 5 11]
 [ 5 12]]"
