,chrom,resolution,total_bins_in_chrom,total_bins_with_pls_and_els,min_count,max_count,average_count,median_count,standarddeviation,total_count,list_of_counts,list_of_indexes
0,chr1,250000,992016,155,1,180,0.004158199061305463,9.0,36.682840692191476,4125,"[  1   1   1   1   1   1   1   1   1  60  54  24  72  18  18  36  12  30
   1   1   1   1   1   1   1   1   1   1   1   1   1   1   1   1   1   1
   1   1   1   1   1   1   1   1   1   1   1   1   1   1   1   1   1   1
   1   1   1   1   1   1   1   1   1  72 170 153  77 123  60  51  66  70
  76 100 180  90 150  70  60  80  80  90  81  81 135  63  54  72  72  81
  18  20  72  31  27  38  34  41  10  36  57  45  42  78  63   6  12  21
  30  26  32   8   9  24  24  27   6   3   9  10   9   4  12   3   3   6
   2   5   2   1   4   2  12  40  34   4   2   8   4  14  12  38  12   6
  24  12  42  18  20   8   4  16   8  28  12]","[[ 3  4]
 [ 3  4]
 [ 3  4]
 [ 3  4]
 [ 3  4]
 [ 3  4]
 [ 3  4]
 [ 3  4]
 [ 3  4]
 [ 3  5]
 [ 3  6]
 [ 3  7]
 [ 3  8]
 [ 3  9]
 [ 3 10]
 [ 3 13]
 [ 3 14]
 [ 3 15]
 [ 3  4]
 [ 3  4]
 [ 3  4]
 [ 3  4]
 [ 3  4]
 [ 3  4]
 [ 3  4]
 [ 3  4]
 [ 3  4]
 [ 3  4]
 [ 3  4]
 [ 3  4]
 [ 3  4]
 [ 3  4]
 [ 3  4]
 [ 3  4]
 [ 3  4]
 [ 3  4]
 [ 3  4]
 [ 3  4]
 [ 3  4]
 [ 3  4]
 [ 3  4]
 [ 3  4]
 [ 3  4]
 [ 3  4]
 [ 3  4]
 [ 3  4]
 [ 3  4]
 [ 3  4]
 [ 3  4]
 [ 3  4]
 [ 3  4]
 [ 3  4]
 [ 3  4]
 [ 3  4]
 [ 3  4]
 [ 3  4]
 [ 3  4]
 [ 3  4]
 [ 3  4]
 [ 3  4]
 [ 3  4]
 [ 3  4]
 [ 3  4]
 [ 4  4]
 [ 4  5]
 [ 4  6]
 [ 4  7]
 [ 4  8]
 [ 4  9]
 [ 4 10]
 [ 4 13]
 [ 4 14]
 [ 4 15]
 [ 5  5]
 [ 5  6]
 [ 5  7]
 [ 5  8]
 [ 5  9]
 [ 5 10]
 [ 5 13]
 [ 5 14]
 [ 5 15]
 [ 6  6]
 [ 6  7]
 [ 6  8]
 [ 6  9]
 [ 6 10]
 [ 6 13]
 [ 6 14]
 [ 6 15]
 [ 6 19]
 [ 7  7]
 [ 7  8]
 [ 7  9]
 [ 7 10]
 [ 7 13]
 [ 7 14]
 [ 7 15]
 [ 7 19]
 [ 8  8]
 [ 8  9]
 [ 8 10]
 [ 8 13]
 [ 8 14]
 [ 8 15]
 [ 8 19]
 [ 9  9]
 [ 9 10]
 [ 9 13]
 [ 9 14]
 [ 9 15]
 [ 9 19]
 [10 10]
 [10 13]
 [10 14]
 [10 15]
 [10 19]
 [10 23]
 [ 4 12]
 [ 5 12]
 [ 6 12]
 [ 7 12]
 [ 8 12]
 [ 9 12]
 [10 12]
 [12 13]
 [12 14]
 [12 15]
 [12 19]
 [12 23]
 [12 24]
 [12 25]
 [13 13]
 [13 14]
 [13 15]
 [13 19]
 [13 23]
 [13 24]
 [13 25]
 [13 26]
 [14 14]
 [14 15]
 [14 19]
 [14 23]
 [14 24]
 [14 25]
 [14 26]
 [14 27]
 [15 15]
 [15 19]
 [15 23]
 [15 24]
 [15 25]
 [15 26]
 [15 27]]"
