,chrom,resolution,total_bins_in_chrom,total_bins_with_pls_and_els,min_count,max_count,average_count,median_count,standarddeviation,total_count,list_of_counts,list_of_indexes
0,chr8,25000,33709636,81,1,16,6.3483331591002645e-06,2.0,2.7546084482361626,214,"[ 1  1  1  1  1  3  1  1  2  7  2  1  1  3  1  1  3  1  1  8 10  2  1  1
  6  2  2  6  2  2  4 14  4  2  2  2  2  6  2  2  4 16  4  2  2  2  1  1
  3  1  1  7  2  1  1  1  3  1  1  3  1  1  2  7  2  1  1  1  3  1  1  3
  1  1  2  7  2  1  1  1  2]","[[ 16  21]
 [ 16  21]
 [ 16  21]
 [ 16  22]
 [ 16  28]
 [ 16  35]
 [ 16  36]
 [ 16  45]
 [ 16  70]
 [ 16  72]
 [ 16  75]
 [ 16 115]
 [ 16 119]
 [ 21  21]
 [ 21  22]
 [ 21  28]
 [ 21  35]
 [ 21  36]
 [ 21  45]
 [ 21  70]
 [ 21  72]
 [ 21  75]
 [ 21 115]
 [ 21 119]
 [ 21  29]
 [ 22  29]
 [ 28  29]
 [ 29  35]
 [ 29  36]
 [ 29  45]
 [ 29  70]
 [ 29  72]
 [ 29  75]
 [ 29 115]
 [ 29 119]
 [ 22  70]
 [ 28  70]
 [ 35  70]
 [ 36  70]
 [ 45  70]
 [ 70  70]
 [ 70  72]
 [ 70  75]
 [ 70 115]
 [ 70 119]
 [ 70 162]
 [ 22  72]
 [ 28  72]
 [ 35  72]
 [ 36  72]
 [ 45  72]
 [ 72  72]
 [ 72  75]
 [ 72 115]
 [ 72 119]
 [ 72 162]
 [ 21  78]
 [ 22  78]
 [ 28  78]
 [ 35  78]
 [ 36  78]
 [ 45  78]
 [ 70  78]
 [ 72  78]
 [ 75  78]
 [ 78 115]
 [ 78 119]
 [ 78 162]
 [ 21 104]
 [ 22 104]
 [ 28 104]
 [ 35 104]
 [ 36 104]
 [ 45 104]
 [ 70 104]
 [ 72 104]
 [ 75 104]
 [104 115]
 [104 119]
 [104 162]
 [104 206]]"
