,chrom,resolution,total_bins_in_chrom,total_bins_with_pls_and_els,min_count,max_count,average_count,median_count,standarddeviation,total_count,list_of_counts,list_of_indexes
0,chr6,500000,116964,37,1,105,0.00601894600047878,10.0,24.51969587405248,704,"[  1  17  43  45   1   1  10  59  30   2   4  20  48  60   4  16   1   5
  12  15   1   4   3   1   5  12  15   1   4   3   2  84 105   7  28  21
  14]","[[ 0  0]
 [ 0  1]
 [ 0  5]
 [ 0  6]
 [ 0  0]
 [ 0  0]
 [ 1  1]
 [ 1  5]
 [ 1  6]
 [ 1  8]
 [ 0  2]
 [ 1  2]
 [ 2  5]
 [ 2  6]
 [ 2  8]
 [ 2  9]
 [ 0  3]
 [ 1  3]
 [ 3  5]
 [ 3  6]
 [ 3  8]
 [ 3  9]
 [ 3 10]
 [ 0  4]
 [ 1  4]
 [ 4  5]
 [ 4  6]
 [ 4  8]
 [ 4  9]
 [ 4 10]
 [ 4 11]
 [ 5  5]
 [ 5  6]
 [ 5  8]
 [ 5  9]
 [ 5 10]
 [ 5 11]]"
