,chrom,resolution,total_bins_in_chrom,total_bins_with_pls_and_els,min_count,max_count,average_count,median_count,standarddeviation,total_count,list_of_counts,list_of_indexes
0,chr15,250000,166464,31,1,29,0.0014417531718569781,6.0,8.199007579345214,240,"[ 1 18  7  4 14  1  1  7  2  2  7  1  7  2  2  7  2  1 28 29  8 28  8  4
  4  6  6 21  6  3  3]","[[ 91  91]
 [ 91  99]
 [ 91 101]
 [ 91 102]
 [ 91 104]
 [ 91  91]
 [ 91  92]
 [ 92  99]
 [ 92 101]
 [ 92 102]
 [ 92 104]
 [ 91  94]
 [ 94  99]
 [ 94 101]
 [ 94 102]
 [ 94 104]
 [ 94 106]
 [ 94 107]
 [ 99  99]
 [ 99 101]
 [ 99 102]
 [ 99 104]
 [ 99 106]
 [ 99 107]
 [ 99 108]
 [101 101]
 [101 102]
 [101 104]
 [101 106]
 [101 107]
 [101 108]]"
