,chrom,resolution,total_bins_in_chrom,total_bins_with_pls_and_els,min_count,max_count,average_count,median_count,standarddeviation,total_count,list_of_counts,list_of_indexes
0,chr9,100000,1915456,94,1,36,0.00028870409970262954,4.0,5.471116388038387,553,"[ 1  1  1  3  9  2  3  4  2  6 18  4  6  6  2  3  5  9 10  5  3  1  4  9
  6  4  3  4  2  6 18  4  6  6  2  1  3  9  2  3  3  6  3  9 27  6  9  9
  2  1  3  9  2  3  3  4  2  3  3  9 14  6  3  4  2  3 36  8 14 12 16  8
 12  4  9  3  3  4  2  3  1  4  2  6 18  4  6  6  8  4  6  2  6  2]","[[ 2  5]
 [ 2  5]
 [ 2  7]
 [ 2 21]
 [ 2 22]
 [ 2 26]
 [ 2 28]
 [ 4  5]
 [ 4  7]
 [ 4 21]
 [ 4 22]
 [ 4 26]
 [ 4 28]
 [ 4 35]
 [ 5  5]
 [ 5  7]
 [ 5 21]
 [ 5 22]
 [ 5 26]
 [ 5 28]
 [ 5 35]
 [ 7  7]
 [ 7 21]
 [ 7 22]
 [ 7 26]
 [ 7 28]
 [ 7 35]
 [ 5  8]
 [ 7  8]
 [ 8 21]
 [ 8 22]
 [ 8 26]
 [ 8 28]
 [ 8 35]
 [ 5  9]
 [ 7  9]
 [ 9 21]
 [ 9 22]
 [ 9 26]
 [ 9 28]
 [ 9 35]
 [ 5 10]
 [ 7 10]
 [10 21]
 [10 22]
 [10 26]
 [10 28]
 [10 35]
 [ 5 20]
 [ 7 20]
 [20 21]
 [20 22]
 [20 26]
 [20 28]
 [20 35]
 [20 46]
 [20 47]
 [20 49]
 [21 21]
 [21 22]
 [21 26]
 [21 28]
 [21 35]
 [21 46]
 [21 47]
 [21 49]
 [22 26]
 [26 26]
 [26 28]
 [26 35]
 [26 46]
 [26 47]
 [26 49]
 [26 56]
 [22 28]
 [28 28]
 [28 35]
 [28 46]
 [28 47]
 [28 49]
 [28 56]
 [ 5 31]
 [ 7 31]
 [21 31]
 [22 31]
 [26 31]
 [28 31]
 [31 35]
 [31 46]
 [31 47]
 [31 49]
 [31 56]
 [31 60]
 [31 61]]"
