,chrom,resolution,total_bins_in_chrom,total_bins_with_pls_and_els,min_count,max_count,average_count,median_count,standarddeviation,total_count,list_of_counts,list_of_indexes
0,chr5,500000,132496,39,1,96,0.00649076198526748,10.0,28.353943078519684,860,"[ 1  1  1 33 36 96 24 36  1  1  1  1  1  1  1  1  1  1  1  1  1  1  1 15
 33 84 21 30 18 96 24 36 96 48 48 40  6 12 10]","[[ 0  0]
 [ 0  0]
 [ 0  0]
 [ 0  1]
 [ 0  2]
 [ 0  3]
 [ 0  5]
 [ 0  6]
 [ 0  0]
 [ 0  0]
 [ 0  0]
 [ 0  0]
 [ 0  0]
 [ 0  0]
 [ 0  0]
 [ 0  0]
 [ 0  0]
 [ 0  0]
 [ 0  0]
 [ 0  0]
 [ 0  0]
 [ 0  0]
 [ 0  0]
 [ 1  1]
 [ 1  2]
 [ 1  3]
 [ 1  5]
 [ 1  6]
 [ 2  2]
 [ 2  3]
 [ 2  5]
 [ 2  6]
 [ 3  3]
 [ 3  5]
 [ 3  6]
 [ 3 10]
 [ 5  5]
 [ 5  6]
 [ 5 10]]"
