,chrom,resolution,total_bins_in_chrom,total_bins_with_pls_and_els,min_count,max_count,average_count,median_count,standarddeviation,total_count,list_of_counts,list_of_indexes
0,chr11,250000,292681,145,1,459,0.012238580570655423,4.0,59.424727714743995,3582,"[  1   1   1   1   1   1   1   1  66 126  12   6  12  30  42   6   1   1
   1   1   1   1   1   1   1   1   1   1   1   1   1   1   1   1   1   1
   1   1   1   1   1   1   1   1   1   1   1   1   1   1   1   1   1   1
   1   1  56 189 267  38  15  30  43  89  23  14 154 459  61  25  50  81
 153  36  28  28 315  93  36  72  96 210  57  30  30   6   5  10  17  31
   7   6   6   8  11  21   2   1   2   5   7   1   2   2   1   4   6  12
   3   2   2   8  11  21   2   1   2   5   7   1   2   2   4  12  24   6
   4   4   2   5  32  11   2   2   1  35  19  10  10   5   2   4   4   2
  14]","[[ 0  1]
 [ 0  1]
 [ 0  1]
 [ 0  1]
 [ 0  1]
 [ 0  1]
 [ 0  1]
 [ 0  1]
 [ 0  2]
 [ 0  3]
 [ 0  5]
 [ 0  7]
 [ 0  9]
 [ 0 10]
 [ 0 11]
 [ 0 12]
 [ 0  1]
 [ 0  1]
 [ 0  1]
 [ 0  1]
 [ 0  1]
 [ 0  1]
 [ 0  1]
 [ 0  1]
 [ 0  1]
 [ 0  1]
 [ 0  1]
 [ 0  1]
 [ 0  1]
 [ 0  1]
 [ 0  1]
 [ 0  1]
 [ 0  1]
 [ 0  1]
 [ 0  1]
 [ 0  1]
 [ 0  1]
 [ 0  1]
 [ 0  1]
 [ 0  1]
 [ 0  1]
 [ 0  1]
 [ 0  1]
 [ 0  1]
 [ 0  1]
 [ 0  1]
 [ 0  1]
 [ 0  1]
 [ 0  1]
 [ 0  1]
 [ 0  1]
 [ 0  1]
 [ 0  1]
 [ 0  1]
 [ 0  1]
 [ 0  1]
 [ 1  1]
 [ 1  2]
 [ 1  3]
 [ 1  5]
 [ 1  7]
 [ 1  9]
 [ 1 10]
 [ 1 11]
 [ 1 12]
 [ 1 14]
 [ 2  2]
 [ 2  3]
 [ 2  5]
 [ 2  7]
 [ 2  9]
 [ 2 10]
 [ 2 11]
 [ 2 12]
 [ 2 14]
 [ 2 15]
 [ 3  3]
 [ 3  5]
 [ 3  7]
 [ 3  9]
 [ 3 10]
 [ 3 11]
 [ 3 12]
 [ 3 14]
 [ 3 15]
 [ 5  5]
 [ 5  7]
 [ 5  9]
 [ 5 10]
 [ 5 11]
 [ 5 12]
 [ 5 14]
 [ 5 15]
 [ 1  6]
 [ 2  6]
 [ 3  6]
 [ 5  6]
 [ 6  7]
 [ 6  9]
 [ 6 10]
 [ 6 11]
 [ 6 12]
 [ 6 14]
 [ 6 15]
 [ 7  7]
 [ 7  9]
 [ 7 10]
 [ 7 11]
 [ 7 12]
 [ 7 14]
 [ 7 15]
 [ 1  8]
 [ 2  8]
 [ 3  8]
 [ 5  8]
 [ 7  8]
 [ 8  9]
 [ 8 10]
 [ 8 11]
 [ 8 12]
 [ 8 14]
 [ 8 15]
 [ 9  9]
 [ 9 10]
 [ 9 11]
 [ 9 12]
 [ 9 14]
 [ 9 15]
 [ 9 22]
 [10 10]
 [10 11]
 [10 12]
 [10 14]
 [10 15]
 [10 22]
 [11 11]
 [11 12]
 [11 14]
 [11 15]
 [11 22]
 [12 12]
 [12 14]
 [12 15]
 [12 22]
 [12 25]]"
