,chrom,resolution,total_bins_in_chrom,total_bins_with_pls_and_els,min_count,max_count,average_count,median_count,standarddeviation,total_count,list_of_counts,list_of_indexes
0,chr12,10000,177635584,654,1,8,5.871571317602671e-06,1.0,1.016396407773811,1043,"[1 1 1 1 1 1 1 1 1 1 2 1 2 1 1 1 1 1 1 1 3 1 1 1 2 2 2 2 2 2 2 2 2 2 4 2 4
 2 2 2 2 2 2 2 6 2 2 2 2 1 1 1 1 1 1 1 1 1 1 2 1 2 1 1 1 1 1 1 1 3 1 1 1 1
 1 1 1 1 1 1 1 1 1 1 1 1 1 1 1 1 1 1 1 1 2 2 1 1 2 2 1 1 1 1 1 1 1 1 1 1 1
 1 1 1 3 3 1 1 1 1 1 1 1 1 1 2 1 2 3 2 3 1 1 1 3 2 2 1 1 1 1 1 2 2 4 1 1 1
 1 1 1 2 3 2 3 1 1 1 3 2 2 1 1 1 1 1 2 2 4 1 1 1 1 1 1 3 2 3 1 1 1 3 2 2 1
 1 1 1 1 2 2 4 1 1 1 1 2 2 3 4 2 2 2 5 3 4 2 2 2 2 2 3 3 7 2 2 2 2 1 1 3 1
 1 1 3 2 2 1 1 1 1 1 2 2 4 1 1 1 1 2 2 2 2 2 5 3 4 2 2 2 2 2 3 3 7 2 2 2 2
 1 1 1 1 1 1 1 1 1 1 2 1 2 1 1 1 1 1 1 1 3 1 1 1 1 4 1 4 2 1 1 1 1 2 1 1 1
 1 2 3 2 1 1 1 1 1 3 3 5 1 1 1 1 4 1 4 2 1 1 1 1 2 1 1 1 1 1 2 1 1 1 1 1 2
 2 4 1 1 1 1 4 1 4 2 1 1 1 1 2 1 1 1 1 1 1 1 1 1 1 1 2 1 2 1 1 1 1 1 1 1 3
 1 1 1 1 4 1 4 2 1 1 1 1 2 1 1 1 1 1 1 1 1 1 1 1 2 1 2 1 1 1 1 1 1 1 3 1 1
 1 1 4 1 4 2 1 1 1 1 2 1 1 2 1 1 1 1 1 1 1 1 1 1 2 1 2 1 1 1 1 1 1 1 3 1 1
 1 1 4 1 4 2 1 1 1 1 2 1 1 2 1 1 1 1 1 1 1 1 1 1 2 1 2 1 1 1 1 1 1 1 3 1 1
 1 1 4 1 4 2 1 1 1 1 2 1 1 2 2 2 2 2 2 2 2 2 2 2 4 2 4 2 2 2 2 2 2 2 6 2 2
 2 2 8 2 8 4 2 2 2 2 4 2 2 4 1 1 1 1 2 1 1 1 1 1 1 2 4 1 1 1 1 4 1 4 2 1 1
 1 1 2 1 1 2 1 1 1 1 2 1 1 1 1 1 1 4 1 1 1 1 4 1 4 2 1 1 1 1 2 1 1 2 1 1 1
 1 2 1 1 1 1 1 3 1 1 1 1 4 1 4 2 1 1 1 1 2 1 1 2 1 1 1 1 1 1 1 1 1 1 2 1 2
 1 1 1 1 1 1 1 3 1 1 1 1 4 1 4 2 1 1 1 1 2 1 1 2 2]","[[  6  63]
 [  6  64]
 [  6  72]
 ...
 [307 524]
 [307 548]
 [307 608]]"
