,chrom,resolution,total_bins_in_chrom,total_bins_with_pls_and_els,min_count,max_count,average_count,median_count,standarddeviation,total_count,list_of_counts,list_of_indexes
0,chr10,25000,28643904,70,1,12,4.8177790290038675e-06,1.0,1.8202937641367403,138,"[ 1  1  2  1  1  3  2  1  1  1  1  6  1  1  1  1  2  1  1  3  2  1  1  1
  1  6  1  1  2  2  4  2  2  6  4  2  2  2  2 12  2  2  1  1  2  1  1  3
  2  1  1  1  1  6  1  1  1  1  2  1  1  3  2  1  1  1  1  6  1  1]","[[  5  37]
 [ 15  37]
 [ 37  37]
 [ 37  44]
 [ 37  49]
 [ 37  52]
 [ 37  88]
 [ 37 118]
 [ 37 126]
 [ 37 138]
 [ 37 139]
 [ 37 151]
 [ 37 153]
 [ 37 155]
 [  5  39]
 [ 15  39]
 [ 37  39]
 [ 39  44]
 [ 39  49]
 [ 39  52]
 [ 39  88]
 [ 39 118]
 [ 39 126]
 [ 39 138]
 [ 39 139]
 [ 39 151]
 [ 39 153]
 [ 39 155]
 [  5  41]
 [ 15  41]
 [ 37  41]
 [ 41  44]
 [ 41  49]
 [ 41  52]
 [ 41  88]
 [ 41 118]
 [ 41 126]
 [ 41 138]
 [ 41 139]
 [ 41 151]
 [ 41 153]
 [ 41 155]
 [  5  42]
 [ 15  42]
 [ 37  42]
 [ 42  44]
 [ 42  49]
 [ 42  52]
 [ 42  88]
 [ 42 118]
 [ 42 126]
 [ 42 138]
 [ 42 139]
 [ 42 151]
 [ 42 153]
 [ 42 155]
 [  5  69]
 [ 15  69]
 [ 37  69]
 [ 44  69]
 [ 49  69]
 [ 52  69]
 [ 69  88]
 [ 69 118]
 [ 69 126]
 [ 69 138]
 [ 69 139]
 [ 69 151]
 [ 69 153]
 [ 69 155]]"
