,chrom,resolution,total_bins_in_chrom,total_bins_with_pls_and_els,min_count,max_count,average_count,median_count,standarddeviation,total_count,list_of_counts,list_of_indexes
0,chr17,50000,2775556,696,1,60,0.0014371895216670101,4.0,6.911671494685103,3989,"[ 1  1  2  4  4 10  2  2  3  5  2  7  8  2  6  1  8 10  7  2  4  1  5  2
  1  1  1  4  4 10  2  2  3  5  2  7  8  2  6  1  8 10  7  2  4  1  5  2
  1  1  1  2  2  4  8 20  4  4  6 10  4 14 16  4 12  2 16 20 14  4  8  2
 10  4  2  2  2  4  2  2  8 16 10  4 12 34 10 20 52  4 36  2 34 20 20 10
 26  2 10  4  2  2  2  4  2  1  4  1  2  3  5  2  7  8  2  6  1  8 10  7
  2  4  1  5  2  1  1  1  2  1  1  1  1  2  4  8  1  2  2  1  1  6  2  2
  2  1  5 10  6  1  1  1  5  2  1  1  1  2  1  2  1  4  2  2  9  3  8 14
  2 10  1 11 10  8  3  7  1  5  2  1  1  1  2  1  2  2  2  5  4 16  8  4
  5 25 14  8 12  4 23 40 25  5  7  4 20  8  4  4  4  8  4  8  8  8 20  4
  1  4  2  1  7  8  2  6  1  8 10  7  2  4  1  5  2  1  1  1  2  1  2  2
  2  5  1  1  1  1  4  2  6 38  2 26  1 23 10 12  7 19  1  5  2  1  1  1
  2  1  2  2  2  5  1  1  1  2  2  2  4  8 16  2  4  4  2  2 12  4  4  4
  2 10 20 12  2  2  2 10  4  2  2  2  4  2  4  4  4 10  2  2  2  1  1  1
  2  4  8  1  2  2  1  1  6  2  2  2  1  5 10  6  1  1  1  5  2  1  1  1
  2  1  2  2  2  5  1  1  1  3  6 24 12 12 12 20  6 36 60 38  8 12  6 30
 12  6  6  6 12  6 12 12 12 30  6  6  6 18  1  1  1  2  4  8  1  2  2  1
  1  6  2  2  2  1  5 10  6  1  1  1  5  2  1  1  1  2  1  2  2  2  5  1
  1  1  3  2  4  4 16  8  8  8  4 26 40 26  6 10  4 20  8  4  4  4  8  4
  8  8  8 20  4  4  4 12  8 16 28 20  2  2  2  4  8 16  2  4  4  2  2 12
  4  4  4  2 10 20 12  2  2  2 10  4  2  2  2  4  2  4  4  4 10  2  2  2
  6  4  8 14 10  3 12  6  6  3 15 30 23  8 18  3 15  6  3  3  3  6  3  6
  6  6 15  3  3  3  9  6 12 21 15  3  1  4  2  2  1 10  6  7 19  1  5  2
  1  1  1  2  1  2  2  2  5  1  1  1  3  2  4  7  5  1  2  1  4  2  2  1
 10  1  4  1  5  2  1  1  1  2  1  2  2  2  5  1  1  1  3  2  4  7  5  1
  2  3 12  6  6  3 30  3  3 15  6  3  3  3  6  3  6  6  6 15  3  3  3  9
  6 12 21 15  3  6  2  2  2  4  8 16  2  4  4  2  2 12  4  4  4  2 10 20
 12  2  2  2 10  4  2  2  2  4  2  4  4  4 10  2  2  2  6  4  8 14 10  2
  4  2  2  1  1  1  2  4  8  1  2  2  1  1  6  2  2  2  1  5 10  6  1  1
  1  5  2  1  1  1  2  1  2  2  2  5  1  1  1  3  2  4  7  5  1  2  1  1]","[[  8   8]
 [  8  10]
 [  8  14]
 ...
 [ 55 109]
 [ 55 113]
 [ 55 114]]"
