,chrom,resolution,total_bins_in_chrom,total_bins_with_pls_and_els,min_count,max_count,average_count,median_count,standarddeviation,total_count,list_of_counts,list_of_indexes
0,chr7,500000,101761,44,1,238,0.024577195585735203,28.5,61.3399407111409,2501,"[  1  39  32  24  39  70   6   1   1  90 152  93 159 238  18  27  64  80
 136 208  16  24   8  21  75  94   6   9   3  15  66 176  12  18   6  30
 168  88   8  12   4  20 112  32]","[[ 0  0]
 [ 0  1]
 [ 0  2]
 [ 0  3]
 [ 0  4]
 [ 0  5]
 [ 0  6]
 [ 0  0]
 [ 0  0]
 [ 1  1]
 [ 1  2]
 [ 1  3]
 [ 1  4]
 [ 1  5]
 [ 1  6]
 [ 1  8]
 [ 2  2]
 [ 2  3]
 [ 2  4]
 [ 2  5]
 [ 2  6]
 [ 2  8]
 [ 2  9]
 [ 3  3]
 [ 3  4]
 [ 3  5]
 [ 3  6]
 [ 3  8]
 [ 3  9]
 [ 3 10]
 [ 4  4]
 [ 4  5]
 [ 4  6]
 [ 4  8]
 [ 4  9]
 [ 4 10]
 [ 4 11]
 [ 5  5]
 [ 5  6]
 [ 5  8]
 [ 5  9]
 [ 5 10]
 [ 5 11]
 [ 5 12]]"
