,chrom,resolution,total_bins_in_chrom,total_bins_with_pls_and_els,min_count,max_count,average_count,median_count,standarddeviation,total_count,list_of_counts,list_of_indexes
0,chr18,1000,6459979876,657,1,9,1.797219220934923e-07,1.0,1.1970091234930371,1161,"[1 1 1 1 2 1 1 1 1 1 1 1 1 1 2 3 1 5 4 3 3 3 2 5 1 3 1 1 5 1 3 1 1 1 1 1 1
 1 1 1 1 2 2 1 1 1 2 1 2 1 1 1 1 1 1 1 1 1 1 1 1 1 1 1 1 1 1 1 1 1 2 1 2 1
 1 1 3 1 3 1 1 1 1 1 1 1 1 1 1 2 2 2 2 2 5 3 4 2 2 4 2 2 2 2 2 2 4 2 2 6 2
 2 2 2 2 4 4 2 2 2 2 6 2 2 3 5 1 1 5 1 1 1 1 1 1 2 1 1 3 1 1 1 1 1 2 2 1 1
 1 1 3 1 2 1 1 2 1 1 1 1 1 1 1 1 1 1 1 2 1 1 3 1 1 1 1 1 2 2 1 1 1 1 3 1 1
 3 1 2 2 1 3 2 4 1 1 2 2 1 2 1 2 1 2 1 2 2 4 1 2 1 3 2 6 1 2 1 1 2 2 1 2 1
 2 2 4 2 4 1 1 2 2 1 2 1 3 2 6 1 2 2 2 1 1 1 2 1 2 1 1 1 1 1 1 1 1 1 1 1 1
 1 1 1 1 1 1 1 1 1 2 1 2 1 1 1 3 1 3 1 1 1 1 1 1 1 1 1 1 2 2 2 2 1 1 1 1 1
 1 1 3 1 3 1 1 2 1 1 2 1 1 1 1 1 1 1 1 1 1 1 2 1 1 3 1 1 1 1 1 2 2 1 1 1 1
 3 1 2 2 2 2 2 2 2 2 2 4 2 2 6 2 2 2 2 2 4 4 2 2 2 2 6 2 2 2 2 2 2 2 6 4 2
 1 1 2 1 1 1 1 1 1 1 1 1 1 1 2 1 1 3 1 1 1 1 1 2 2 1 1 1 1 3 1 1 1 1 1 1 1
 3 2 2 2 1 1 1 2 1 2 1 1 1 1 1 1 1 1 1 1 1 1 1 1 1 1 1 1 1 1 1 2 1 2 1 1 1
 3 1 3 1 1 1 1 1 1 1 1 1 1 2 2 2 2 1 1 1 1 1 1 1 3 1 3 1 1 1 1 1 1 1 1 1 1
 1 1 1 1 3 3 2 2 2 1 1 2 1 1 1 1 1 1 1 1 1 1 1 2 1 1 3 1 1 1 1 1 2 2 1 1 1
 1 3 1 1 1 1 1 1 1 3 2 1 1 6 3 3 6 3 3 3 3 3 3 3 3 3 3 3 6 3 3 9 3 3 3 3 3
 6 6 3 3 3 3 9 3 3 3 3 3 3 3 9 6 3 3 4 2 2 4 2 2 2 2 2 2 2 2 2 2 2 4 2 2 6
 2 2 2 2 2 4 4 2 2 2 2 6 2 2 2 2 2 2 2 6 4 2 2 2 1 1 2 1 1 1 1 1 1 1 1 1 1
 1 2 1 1 3 1 1 1 1 1 2 2 1 1 1 1 3 1 1 1 1 1 1 1 3 2 1 1]","[[ 158  267]
 [ 158  267]
 [ 158  268]
 ...
 [3262 5295]
 [3262 5894]
 [3262 5895]]"
