,chrom,resolution,total_bins_in_chrom,total_bins_with_pls_and_els,min_count,max_count,average_count,median_count,standarddeviation,total_count,list_of_counts,list_of_indexes
0,chr11,500000,73441,139,1,928,0.04797047970479705,1.0,107.89061288470002,3523,"[  1   1   1   1   1   1   1   1 648  50  29  50 204  13  52   1   1   1
   1   1   1   1   1   1   1   1   1   1   1   1   1   1   1   1   1   1
   1   1   1   1   1   1   1   1   1   1   1   1   1   1   1   1   1   1
   1   1   1   1   1   1   1   1   1   1   1   1   1   1   1   1   1   1
   1   1   1   1   1   1   1   1   1   1   1   1   1   1   1   1   1   1
   1   1   1   1   1   1   1   1   1   1   1   1   1   1   1   1   1   1
   1   1   1 928 154  93 154 540  29 116   6   7  12  48   3  12   2   7
  30   2   8   6  48   3  12   3  72   6  24   6  42]","[[ 0  0]
 [ 0  0]
 [ 0  0]
 [ 0  0]
 [ 0  0]
 [ 0  0]
 [ 0  0]
 [ 0  0]
 [ 0  1]
 [ 0  2]
 [ 0  3]
 [ 0  4]
 [ 0  5]
 [ 0  6]
 [ 0  7]
 [ 0  0]
 [ 0  0]
 [ 0  0]
 [ 0  0]
 [ 0  0]
 [ 0  0]
 [ 0  0]
 [ 0  0]
 [ 0  0]
 [ 0  0]
 [ 0  0]
 [ 0  0]
 [ 0  0]
 [ 0  0]
 [ 0  0]
 [ 0  0]
 [ 0  0]
 [ 0  0]
 [ 0  0]
 [ 0  0]
 [ 0  0]
 [ 0  0]
 [ 0  0]
 [ 0  0]
 [ 0  0]
 [ 0  0]
 [ 0  0]
 [ 0  0]
 [ 0  0]
 [ 0  0]
 [ 0  0]
 [ 0  0]
 [ 0  0]
 [ 0  0]
 [ 0  0]
 [ 0  0]
 [ 0  0]
 [ 0  0]
 [ 0  0]
 [ 0  0]
 [ 0  0]
 [ 0  0]
 [ 0  0]
 [ 0  0]
 [ 0  0]
 [ 0  0]
 [ 0  0]
 [ 0  0]
 [ 0  0]
 [ 0  0]
 [ 0  0]
 [ 0  0]
 [ 0  0]
 [ 0  0]
 [ 0  0]
 [ 0  0]
 [ 0  0]
 [ 0  0]
 [ 0  0]
 [ 0  0]
 [ 0  0]
 [ 0  0]
 [ 0  0]
 [ 0  0]
 [ 0  0]
 [ 0  0]
 [ 0  0]
 [ 0  0]
 [ 0  0]
 [ 0  0]
 [ 0  0]
 [ 0  0]
 [ 0  0]
 [ 0  0]
 [ 0  0]
 [ 0  0]
 [ 0  0]
 [ 0  0]
 [ 0  0]
 [ 0  0]
 [ 0  0]
 [ 0  0]
 [ 0  0]
 [ 0  0]
 [ 0  0]
 [ 0  0]
 [ 0  0]
 [ 0  0]
 [ 0  0]
 [ 0  0]
 [ 0  0]
 [ 0  0]
 [ 0  0]
 [ 0  0]
 [ 0  0]
 [ 0  0]
 [ 1  1]
 [ 1  2]
 [ 1  3]
 [ 1  4]
 [ 1  5]
 [ 1  6]
 [ 1  7]
 [ 2  2]
 [ 2  3]
 [ 2  4]
 [ 2  5]
 [ 2  6]
 [ 2  7]
 [ 3  3]
 [ 3  4]
 [ 3  5]
 [ 3  6]
 [ 3  7]
 [ 4  4]
 [ 4  5]
 [ 4  6]
 [ 4  7]
 [ 4 11]
 [ 5  5]
 [ 5  6]
 [ 5  7]
 [ 5 11]
 [ 5 12]]"
