,chrom,resolution,total_bins_in_chrom,total_bins_with_pls_and_els,min_count,max_count,average_count,median_count,standarddeviation,total_count,list_of_counts,list_of_indexes
0,chrX,1000,24348793681,958,1,8,6.447958040833505e-08,1.0,1.0364119747596945,1570,"[1 1 1 1 3 1 1 1 2 1 1 1 1 1 1 1 1 2 1 3 2 1 3 3 1 1 1 2 1 2 1 1 1 1 1 1 1
 1 1 3 1 1 1 1 2 4 2 1 1 1 1 1 2 1 1 1 1 1 3 2 6 2 6 2 2 2 4 2 2 2 2 2 2 2
 2 4 2 6 4 2 6 6 2 2 2 4 2 4 2 2 2 2 2 2 2 2 2 6 2 2 2 2 4 8 4 2 2 2 2 2 4
 2 2 2 2 2 6 4 3 3 1 3 1 4 1 1 1 4 2 2 2 1 1 1 1 1 1 1 1 1 1 1 1 1 1 1 1 2
 2 1 1 3 3 2 2 1 1 3 3 3 3 1 1 1 1 1 1 5 3 1 1 5 3 4 2 1 1 1 1 1 1 1 1 1 1
 1 1 1 1 1 3 1 3 1 1 1 1 1 1 1 1 2 2 4 4 2 2 1 1 1 4 1 2 1 1 1 1 2 2 1 1 1
 1 1 1 1 1 1 1 3 3 2 2 3 3 1 3 1 1 1 1 1 1 2 2 1 1 1 1 1 1 1 1 1 1 1 1 1 1
 1 1 2 2 1 1 3 3 2 2 1 1 3 3 3 3 1 1 1 1 1 1 2 3 1 1 2 3 1 2 1 1 1 1 1 1 1
 1 1 1 1 1 1 1 1 3 1 3 1 1 1 1 1 1 1 1 2 2 4 4 2 2 1 1 1 1 1 2 1 1 1 1 2 2
 1 1 1 1 1 1 1 1 1 1 3 3 2 2 6 2 6 2 2 2 4 2 2 2 2 2 2 2 2 4 2 6 4 2 6 6 2
 2 2 4 2 4 2 2 2 2 2 2 2 2 2 6 2 2 2 2 4 8 4 2 2 2 2 2 4 2 2 2 2 2 6 4 2 3
 1 3 1 1 1 2 1 1 1 1 1 1 1 1 2 1 3 2 1 3 3 1 1 1 2 1 2 1 1 1 1 1 1 1 1 1 3
 1 1 1 1 2 4 2 1 1 1 1 1 2 1 1 1 1 1 3 2 1 3 1 1 2 1 1 1 1 1 1 1 1 2 1 3 2
 1 3 3 1 1 1 2 1 4 3 1 1 1 1 1 1 1 1 3 1 1 1 1 2 4 2 1 1 3 1 1 2 1 1 1 1 1
 3 2 1 1 1 2 1 3 1 1 2 1 1 1 1 1 1 1 1 2 1 3 2 1 3 3 1 1 1 1 2 3 1 1 1 1 1
 1 1 1 3 1 1 1 1 2 4 2 1 1 3 1 1 2 1 1 1 1 1 3 2 1 1 1 2 1 3 1 1 2 1 1 1 1
 1 1 1 1 2 1 3 2 1 3 3 1 1 1 1 1 1 1 1 1 1 1 1 1 3 1 1 1 1 2 4 2 1 1 2 1 1
 2 1 1 1 1 1 3 2 1 1 1 2 1 3 1 3 1 1 1 2 1 1 1 1 1 1 1 1 2 1 3 2 1 3 3 1 1
 1 2 1 2 1 1 1 1 1 1 1 1 1 3 1 1 1 1 2 4 2 1 1 1 1 1 2 1 1 1 1 1 3 2 1 1 1
 2 1 3 1 1 2 1 1 1 1 1 1 1 1 2 1 3 2 1 3 3 1 1 1 1 1 1 1 1 1 1 1 1 3 1 1 1
 1 2 4 2 1 1 1 1 1 2 1 1 1 1 1 3 2 1 1 1 2 1 1 3 1 3 1 1 1 2 1 1 1 1 1 1 1
 1 2 1 3 2 1 3 3 1 1 1 2 1 2 1 1 1 1 1 1 1 1 1 3 1 1 1 1 2 4 2 1 1 1 1 1 2
 1 1 1 1 1 3 2 1 1 1 2 1 1 1 3 3 1 3 1 3 1 1 1 1 1 1 2 2 1 1 1 1 1 1 1 1 1
 1 1 1 1 1 1 1 2 2 1 1 3 3 2 2 1 1 3 3 3 3 1 1 1 1 1 1 2 2 1 1 2 2 1 1 1 1
 1 1 1 1 1 1 1 1 1 1 1 1 1 3 1 3 1 1 1 1 1 1 1 1 2 2 4 4 2 2 1 1 1 1 1 1 1
 1 1 1 2 2 1 1 1 1 1 1 1 1 1 1 3 3 2 2 1 1 1 1 1 1 2 2 1 1 1 1 1 1]","[[ 276  283]
 [ 276  283]
 [ 276  283]
 ...
 [2829 5242]
 [2828 5649]
 [2829 5649]]"
