,chrom,resolution,total_bins_in_chrom,total_bins_with_pls_and_els,min_count,max_count,average_count,median_count,standarddeviation,total_count,list_of_counts,list_of_indexes
0,chr20,50000,1661521,547,1,52,0.0014932101369769025,3.0,5.854739926438101,2481,"[ 1  1  1  1  1  1  1  1  1  1  1  1 12  8  8 12  4  4 12  4  4  4  4  4
 16  4  1  1  1  1  1  1  1  1  1  1  1  1  1  1  1  1  1  1  1  1  1  1
  1  1  1  1  1  1  1  1  1  1  1  1  1  1 48 24 20 20 12 16  4 24 28  4
 28 28 16 52 52 12  3  2  2  3  1  1  3  1  1  1  1  1  4  1  3  5  5  3
  4  1  6  7  1  7  7  4 13 13 12  3  2  2  3  1  1  3  1  1  1  1  1  4
  1  2  4  3  3  1  5  5  1  5  5  3 10  9 12  3  2  2  3  1  1  3  1  1
  1  1  1  4  1  2  3  3  1  5  5  1  5  5  3 10  9 12  3  2  2  3  1  1
  3  1  1  1  1  1  4  1  4  5  1 12  3  2  2  3  1  1  3  1  1  1  1  1
  4  1  4  5  1 12  3  2  2  3  1  1  3  1  1  1  1  1  4  1  4  5  1 12
  3  2  2  3  1  1  3  1  1  1  1  1  4  1  4  5  1 12  3  2  2  3  1  1
  3  1  1  1  1  1  4  1  4  5  1 36  9  6  6  9  3  3  9  3  3  3  3  3
 12  3 12 15  3 12  3  2  2  3  1  1  3  1  1  1  1  1  4  1  4  5  1  3
  1  1  4  3  1  3  3  2  7  5  4  5  1 12  3  2  2  3  1  1  3  1  1  1
  1  1  4  1  4  5  1  1  4  4 12  3  2  2  3  1  1  3  1  1  1  1  1  4
  1  4  5  1  1  4  4 12  3  2  2  3  1  1  3  1  1  1  1  1  4  1  4  5
  1  1  4  4  3  1  3  7  1  7  7  4 13 13  4  5  1  1  4  4  5  6  2  2
  2  4  4  3 11  6  8 10  2  2  8  8 10  2 24  6  4  4  6  2  2  6  2  2
  2  2  2  8  2  8 10  2  2  8  8 10  2 24  6  4  4  6  2  2  6  2  2  2
  2  2  8  2  8 10  2  2  8  8 10  2  6  2  2  2  4  3 11  6  8 10  2  2
  8  8 10  2 24  6  4  4  6  2  2  6  2  2  2  2  2  8  2  8 10  2  2  8
  8 10  2  2  2  6  2  2  2  3 11  6  8 10  2  2  8  8 10  2  2  2  3  1
  1  1  7  5  4  5  1  1  4  4  5  1  1  1  9  3  3 12 19 12 15  3  3 12
 12 15  3  3  3 12  4  4  4 16 20  4  4 16 16 20  4  4  4]","[[  5   6]
 [  5   6]
 [  5   6]
 ...
 [ 64 105]
 [ 64 115]
 [ 64 116]]"
