,chrom,resolution,total_bins_in_chrom,total_bins_with_pls_and_els,min_count,max_count,average_count,median_count,standarddeviation,total_count,list_of_counts,list_of_indexes
0,chr5,2000,8239192900,637,1,9,1.3193039818256957e-07,1.0,1.2044551069551706,1087,"[1 1 1 1 1 1 1 1 1 1 1 1 1 1 1 1 2 2 1 1 1 1 1 1 3 3 1 1 1 1 3 3 1 1 2 2 3
 3 1 2 1 1 2 2 1 2 1 2 1 2 1 2 1 2 2 4 1 2 1 1 2 2 3 6 1 2 1 2 3 6 1 2 2 4
 3 6 4 8 1 2 1 2 1 1 1 1 1 1 1 1 2 1 1 1 3 1 1 3 1 2 3 4 1 1 2 2 2 2 2 2 2
 2 4 2 2 2 6 2 2 6 2 4 6 8 2 2 1 1 1 1 1 1 1 1 2 1 1 1 3 1 1 3 1 2 3 4 1 1
 1 1 1 1 1 1 1 1 2 1 1 1 3 1 1 3 1 2 3 4 1 1 1 1 1 1 1 1 1 1 2 1 1 1 3 1 1
 3 1 2 3 4 1 1 2 2 2 2 2 2 2 2 4 2 2 2 6 2 2 6 2 4 6 8 2 2 1 1 1 1 1 1 1 1
 2 1 1 1 3 1 1 3 1 2 3 4 1 1 1 1 1 1 1 1 1 1 1 1 1 1 1 1 1 1 2 2 1 1 1 1 1
 1 3 3 1 1 1 1 3 3 1 1 2 2 3 3 4 4 1 1 1 1 1 1 1 1 1 1 1 1 2 1 1 1 3 1 1 3
 1 2 3 4 1 1 1 1 1 1 1 1 1 1 2 1 1 1 3 1 1 3 1 2 3 4 1 1 1 1 1 1 1 1 1 1 2
 1 1 1 3 1 1 3 1 2 3 4 1 1 1 1 1 1 1 1 1 1 2 1 1 1 3 1 1 3 1 2 3 4 1 1 1 1
 1 1 1 1 1 1 1 1 1 1 1 1 1 1 2 2 1 1 1 1 1 1 3 3 1 1 1 1 3 5 1 1 2 2 3 4 4
 4 1 1 1 1 1 1 1 1 1 1 1 1 2 1 1 1 3 1 1 3 1 2 3 4 1 1 1 1 1 1 1 1 1 1 1 1
 1 1 1 1 1 1 2 2 1 1 1 1 1 1 3 3 1 1 1 1 3 3 1 1 2 2 3 3 4 4 1 1 1 1 1 1 1
 1 1 1 1 1 2 1 1 1 3 1 1 3 1 2 3 4 1 1 1 2 1 1 2 2 1 2 1 2 1 2 1 2 1 2 2 4
 1 2 1 1 2 2 3 6 1 2 1 3 6 1 2 2 4 3 9 4 8 1 2 1 2 1 1 1 1 1 1 1 1 2 1 1 1
 3 1 1 3 1 2 3 4 1 1 1 1 1 1 1 1 1 1 2 1 1 1 3 1 1 3 1 2 3 4 1 1 1 1 1 1 1
 1 1 1 2 1 1 1 3 1 1 2 3 4 1 1 1 1 2 1 1 1 1 1 1 1 1 1 2 1 1 1 3 1 1 3 1 2
 3 4 1 1 1 1 2 1]","[[  41   45]
 [  41   46]
 [  45  199]
 ...
 [1376 2589]
 [1376 2591]
 [1376 2663]]"
