,chrom,resolution,total_bins_in_chrom,total_bins_with_pls_and_els,min_count,max_count,average_count,median_count,standarddeviation,total_count,list_of_counts,list_of_indexes
0,chr21,5000,87272964,106,1.0,6.0,1.959369685209729e-06,1.0,0.9671076769475904,171.0,"[1. 1. 1. 1. 1. 1. 2. 2. 1. 1. 1. 1. 2. 2. 1. 1. 1. 1. 2. 1. 1. 2. 1. 1.
 1. 1. 2. 1. 1. 2. 1. 1. 1. 1. 2. 1. 1. 2. 2. 1. 1. 1. 1. 1. 1. 1. 1. 2.
 2. 1. 1. 1. 1. 3. 3. 3. 3. 2. 2. 1. 1. 1. 1. 2. 4. 1. 2. 1. 2. 1. 2. 1.
 2. 2. 4. 1. 1. 2. 2. 3. 6. 3. 6. 2. 4. 1. 1. 2. 2. 1. 2. 2. 1. 1. 1. 1.
 2. 1. 1. 3. 3. 2. 1. 1. 1. 1.]","[[2796 2876]
 [2796 2876]
 [2796 2923]
 [2796 2983]
 [2796 3084]
 [2796 3150]
 [2796 3256]
 [2805 2876]
 [2805 2923]
 [2805 2983]
 [2805 3084]
 [2805 3150]
 [2805 3256]
 [2843 2876]
 [2843 2923]
 [2843 2983]
 [2843 3084]
 [2843 3150]
 [2843 3256]
 [2843 3423]
 [2843 3424]
 [2854 2876]
 [2854 2923]
 [2854 2983]
 [2854 3084]
 [2854 3150]
 [2854 3256]
 [2854 3423]
 [2854 3424]
 [2876 2876]
 [2876 2923]
 [2876 2983]
 [2876 3084]
 [2876 3150]
 [2876 3256]
 [2876 3423]
 [2876 3424]
 [2876 3012]
 [2876 3013]
 [2923 3012]
 [2923 3013]
 [2983 3012]
 [2983 3013]
 [3012 3084]
 [3013 3084]
 [3012 3150]
 [3013 3150]
 [3012 3256]
 [3013 3256]
 [3012 3423]
 [3012 3424]
 [3013 3423]
 [3013 3424]
 [3012 3502]
 [3013 3502]
 [3012 3563]
 [3013 3563]
 [3012 3580]
 [3013 3580]
 [3012 3597]
 [3012 3598]
 [3013 3597]
 [3013 3598]
 [2876 3145]
 [2876 3146]
 [2923 3145]
 [2923 3146]
 [2983 3145]
 [2983 3146]
 [3084 3145]
 [3084 3146]
 [3145 3150]
 [3146 3150]
 [3145 3256]
 [3146 3256]
 [3145 3423]
 [3145 3424]
 [3146 3423]
 [3146 3424]
 [3145 3502]
 [3146 3502]
 [3145 3563]
 [3146 3563]
 [3145 3580]
 [3146 3580]
 [3145 3597]
 [3145 3598]
 [3146 3597]
 [3146 3598]
 [3145 3631]
 [3146 3631]
 [2876 3317]
 [2923 3317]
 [2983 3317]
 [3084 3317]
 [3150 3317]
 [3256 3317]
 [3317 3423]
 [3317 3424]
 [3317 3502]
 [3317 3563]
 [3317 3580]
 [3317 3597]
 [3317 3598]
 [3317 3631]
 [3317 3824]]"
