,chrom,resolution,total_bins_in_chrom,total_bins_with_pls_and_els,min_count,max_count,average_count,median_count,standarddeviation,total_count,list_of_counts,list_of_indexes
0,chr10,2000,4475476201,115,1,6,3.887854435716169e-08,1.0,0.837856658813628,174,"[1 1 1 1 1 1 1 3 1 2 1 1 1 1 1 2 2 2 1 1 1 1 1 1 1 1 1 1 1 1 3 1 2 1 1 1 1
 1 2 2 2 1 1 1 1 1 2 2 2 2 2 2 2 6 2 4 2 2 2 2 2 4 4 4 2 2 2 2 2 1 1 1 1 1
 1 1 3 1 2 1 1 1 1 1 2 2 2 1 1 1 1 1 1 1 1 1 1 1 1 3 1 2 1 1 1 1 1 2 2 2 1
 1 1 1 1]","[[  68  465]
 [ 197  465]
 [ 465  465]
 [ 465  466]
 [ 465  555]
 [ 465  620]
 [ 465  654]
 [ 465  655]
 [ 465 1100]
 [ 465 1101]
 [ 465 1482]
 [ 465 1586]
 [ 465 1727]
 [ 465 1743]
 [ 465 1887]
 [ 465 1888]
 [ 465 1891]
 [ 465 1892]
 [ 465 1893]
 [ 465 1914]
 [ 465 1915]
 [ 465 1943]
 [ 465 1944]
 [  68  494]
 [ 197  494]
 [ 465  494]
 [ 466  494]
 [ 494  555]
 [ 494  620]
 [ 494  654]
 [ 494  655]
 [ 494 1100]
 [ 494 1101]
 [ 494 1482]
 [ 494 1586]
 [ 494 1727]
 [ 494 1743]
 [ 494 1887]
 [ 494 1888]
 [ 494 1891]
 [ 494 1892]
 [ 494 1893]
 [ 494 1914]
 [ 494 1915]
 [ 494 1943]
 [ 494 1944]
 [  68  524]
 [ 197  524]
 [ 465  524]
 [ 466  524]
 [ 524  555]
 [ 524  620]
 [ 524  654]
 [ 524  655]
 [ 524 1100]
 [ 524 1101]
 [ 524 1482]
 [ 524 1586]
 [ 524 1727]
 [ 524 1743]
 [ 524 1887]
 [ 524 1888]
 [ 524 1891]
 [ 524 1892]
 [ 524 1893]
 [ 524 1914]
 [ 524 1915]
 [ 524 1943]
 [ 524 1944]
 [  68  528]
 [ 197  528]
 [ 465  528]
 [ 466  528]
 [ 528  555]
 [ 528  620]
 [ 528  654]
 [ 528  655]
 [ 528 1100]
 [ 528 1101]
 [ 528 1482]
 [ 528 1586]
 [ 528 1727]
 [ 528 1743]
 [ 528 1887]
 [ 528 1888]
 [ 528 1891]
 [ 528 1892]
 [ 528 1893]
 [ 528 1914]
 [ 528 1915]
 [ 528 1943]
 [ 528 1944]
 [  68  868]
 [ 197  868]
 [ 465  868]
 [ 466  868]
 [ 555  868]
 [ 620  868]
 [ 654  868]
 [ 655  868]
 [ 868 1100]
 [ 868 1101]
 [ 868 1482]
 [ 868 1586]
 [ 868 1727]
 [ 868 1743]
 [ 868 1887]
 [ 868 1888]
 [ 868 1891]
 [ 868 1892]
 [ 868 1893]
 [ 868 1914]
 [ 868 1915]
 [ 868 1943]
 [ 868 1944]]"
