,chrom,resolution,total_bins_in_chrom,total_bins_with_pls_and_els,min_count,max_count,average_count,median_count,standarddeviation,total_count,list_of_counts,list_of_indexes
0,chr21,50000,874225,70,1.0,6.0,0.00013612056392805057,1.0,1.0737118528064886,119.0,"[1. 1. 1. 1. 1. 1. 2. 2. 1. 1. 1. 1. 2. 2. 1. 1. 1. 1. 2. 1. 2. 1. 1. 1.
 1. 2. 1. 2. 1. 1. 1. 1. 2. 1. 2. 1. 1. 1. 1. 2. 1. 3. 3. 2. 1. 4. 2. 2.
 2. 2. 4. 2. 6. 6. 4. 2. 2. 2. 1. 1. 1. 1. 2. 1. 3. 3. 2. 1. 1. 1.]","[[279 287]
 [279 287]
 [279 292]
 [279 298]
 [279 308]
 [279 315]
 [279 325]
 [280 287]
 [280 292]
 [280 298]
 [280 308]
 [280 315]
 [280 325]
 [284 287]
 [284 292]
 [284 298]
 [284 308]
 [284 315]
 [284 325]
 [284 342]
 [285 287]
 [285 292]
 [285 298]
 [285 308]
 [285 315]
 [285 325]
 [285 342]
 [287 287]
 [287 292]
 [287 298]
 [287 308]
 [287 315]
 [287 325]
 [287 342]
 [287 301]
 [292 301]
 [298 301]
 [301 308]
 [301 315]
 [301 325]
 [301 342]
 [301 350]
 [301 356]
 [301 358]
 [301 359]
 [287 314]
 [292 314]
 [298 314]
 [308 314]
 [314 315]
 [314 325]
 [314 342]
 [314 350]
 [314 356]
 [314 358]
 [314 359]
 [314 363]
 [287 331]
 [292 331]
 [298 331]
 [308 331]
 [315 331]
 [325 331]
 [331 342]
 [331 350]
 [331 356]
 [331 358]
 [331 359]
 [331 363]
 [331 382]]"
