,chrom,resolution,total_bins_in_chrom,total_bins_with_pls_and_els,min_count,max_count,average_count,median_count,standarddeviation,total_count,list_of_counts,list_of_indexes
0,chr15,50000,4161600,69,1,13,5.310457516339869e-05,3.0,2.607568194364007,221,"[ 1  4  3  1  1  2  1  4  3  1  1  2  1  4  3  1  1  2  3  1  4  3  1  1
  2  3  4  2  2  8  6  2  2  4  6  8  4  2  2  1  4  7 13  1  2  3  4  2
  1  1  1  3 10  1  2  3  4  2  1  1  3  3  3  6  9 12  6  3  3]","[[456 457]
 [456 497]
 [456 499]
 [456 508]
 [456 509]
 [456 513]
 [457 459]
 [459 497]
 [459 499]
 [459 508]
 [459 509]
 [459 513]
 [457 460]
 [460 497]
 [460 499]
 [460 508]
 [460 509]
 [460 513]
 [460 521]
 [457 473]
 [473 497]
 [473 499]
 [473 508]
 [473 509]
 [473 513]
 [473 521]
 [473 524]
 [473 533]
 [457 496]
 [496 497]
 [496 499]
 [496 508]
 [496 509]
 [496 513]
 [496 521]
 [496 524]
 [496 533]
 [496 535]
 [496 541]
 [457 497]
 [497 497]
 [497 499]
 [497 508]
 [497 509]
 [497 513]
 [497 521]
 [497 524]
 [497 533]
 [497 535]
 [497 541]
 [457 499]
 [499 499]
 [499 508]
 [499 509]
 [499 513]
 [499 521]
 [499 524]
 [499 533]
 [499 535]
 [499 541]
 [457 508]
 [508 508]
 [508 509]
 [508 513]
 [508 521]
 [508 524]
 [508 533]
 [508 535]
 [508 541]]"
