,chrom,resolution,total_bins_in_chrom,total_bins_with_pls_and_els,min_count,max_count,average_count,median_count,standarddeviation,total_count,list_of_counts,list_of_indexes
0,chr6,5000,1167042244,705,1,9,1.0162442757299195e-06,1.0,1.2289812241664453,1186,"[1 2 2 2 4 5 3 2 2 2 4 9 2 2 2 2 2 2 4 9 2 1 1 1 1 1 2 2 1 1 1 1 2 4 1 1 1
 1 1 1 2 4 1 1 1 2 2 2 2 4 4 2 2 2 2 4 8 2 2 2 2 2 2 4 8 2 2 2 2 1 1 1 1 2
 2 1 1 1 1 2 4 1 1 1 1 1 1 2 4 1 1 1 1 1 1 1 1 1 2 2 1 1 1 1 2 4 1 1 1 1 1
 1 2 4 1 1 1 1 1 1 1 1 1 2 2 1 1 1 1 2 4 1 1 1 1 1 1 2 4 1 1 1 1 1 1 1 1 1
 2 2 1 1 1 1 2 4 1 1 1 1 1 1 2 4 1 1 1 1 1 1 1 1 1 2 2 1 1 1 1 2 4 1 1 1 1
 1 1 2 4 1 1 1 1 1 1 1 1 1 2 2 1 1 1 1 2 4 1 1 1 1 1 1 2 4 1 1 1 1 1 2 2 1
 1 1 1 1 1 1 2 2 1 1 1 1 2 4 1 1 1 1 1 1 2 4 1 1 1 1 1 2 2 1 1 1 1 1 1 1 2
 2 3 1 1 1 2 6 1 1 1 1 1 1 2 6 1 1 1 1 1 2 2 1 1 1 1 1 1 1 1 2 1 1 1 1 2 5
 1 1 1 1 1 1 2 5 1 1 1 1 1 2 2 1 1 1 1 1 1 1 1 1 2 2 1 1 1 1 2 4 1 1 1 1 1
 1 2 4 1 1 1 1 1 2 2 1 1 1 1 1 1 1 1 1 1 2 2 1 1 1 1 2 4 1 1 1 1 1 1 2 4 1
 1 1 1 1 2 2 1 1 1 1 1 1 1 1 1 2 1 1 1 2 4 1 1 1 1 1 1 2 8 1 1 1 1 1 2 2 1
 1 1 1 1 1 2 2 2 2 4 4 2 2 2 2 4 8 2 2 2 2 2 2 4 8 2 2 2 2 2 4 4 2 2 2 2 2
 2 1 1 1 1 2 2 1 1 1 1 2 4 1 1 1 1 1 1 2 4 1 1 1 1 1 2 2 1 1 1 1 1 1 1 1 1
 1 2 2 1 1 1 1 2 4 1 1 1 1 1 1 2 4 1 1 1 1 1 2 2 1 1 1 1 1 1 2 2 2 2 4 4 2
 2 2 2 4 8 2 2 2 2 2 2 4 8 2 2 2 2 2 4 4 2 2 2 2 2 2 2 2 2 2 4 4 2 2 2 2 4
 8 2 2 2 2 2 2 4 8 2 2 2 2 2 4 4 2 2 2 2 2 2 1 1 1 1 2 2 1 1 1 1 2 4 1 1 1
 1 1 1 2 4 1 1 1 1 1 2 2 1 1 1 1 1 1 1 1 1 2 1 1 1 2 1 1 1 1 1 1 2 4 1 1 1
 1 1 2 2 1 1 1 1 1 1 1 1 1 1 2 2 1 1 1 1 2 4 1 1 1 1 1 1 2 4 1 1 1 1 1 2 2
 1 1 1 1 1 1 1 1 1 1 2 2 1 1 1 1 2 4 1 1 1 1 1 1 2 4 1 1 1 1 1 2 2 1 1 1 1
 1 1]","[[  58   58]
 [  58  110]
 [  58  131]
 ...
 [ 651 1052]
 [ 651 1134]
 [ 651 1170]]"
