,chrom,resolution,total_bins_in_chrom,total_bins_with_pls_and_els,min_count,max_count,average_count,median_count,standarddeviation,total_count,list_of_counts,list_of_indexes
0,chr1,500000,248004,156,1,500,0.01710456282963178,1.0,74.50332253687436,4242,"[  1   1   1   1   1   1   1   1   1   1   1   1   1   1   1   1   1   1
   1  78  90  18  36  42   1   1   1   1   1   1   1   1   1   1   1   1
   1   1   1   1   1   1   1   1   1   1   1   1   1   1   1   1   1   1
   1   1   1   1   1   1   1   1   1   1   1   1   1   1   1   1   1   1
   1   1   1   1   1   1   1   1   1   1   1   1   1   1   1   1   1   1
   1   1   1   1   1   1   1   1   1   1   1   1   1   1   1   1   1   1
   1   1   1   1   1   1   1   1   1   1   1 342 500 403 111 165 316  36
 182 301  81 123 228  28 105  66  87 199  14   7   9  27  51   6   3  18
  18  81   6   3  18  30  70  20  10  60 100  40]","[[ 1  2]
 [ 1  2]
 [ 1  2]
 [ 1  2]
 [ 1  2]
 [ 1  2]
 [ 1  2]
 [ 1  2]
 [ 1  2]
 [ 1  2]
 [ 1  2]
 [ 1  2]
 [ 1  2]
 [ 1  2]
 [ 1  2]
 [ 1  2]
 [ 1  2]
 [ 1  2]
 [ 1  2]
 [ 1  3]
 [ 1  4]
 [ 1  5]
 [ 1  6]
 [ 1  7]
 [ 1  2]
 [ 1  2]
 [ 1  2]
 [ 1  2]
 [ 1  2]
 [ 1  2]
 [ 1  2]
 [ 1  2]
 [ 1  2]
 [ 1  2]
 [ 1  2]
 [ 1  2]
 [ 1  2]
 [ 1  2]
 [ 1  2]
 [ 1  2]
 [ 1  2]
 [ 1  2]
 [ 1  2]
 [ 1  2]
 [ 1  2]
 [ 1  2]
 [ 1  2]
 [ 1  2]
 [ 1  2]
 [ 1  2]
 [ 1  2]
 [ 1  2]
 [ 1  2]
 [ 1  2]
 [ 1  2]
 [ 1  2]
 [ 1  2]
 [ 1  2]
 [ 1  2]
 [ 1  2]
 [ 1  2]
 [ 1  2]
 [ 1  2]
 [ 1  2]
 [ 1  2]
 [ 1  2]
 [ 1  2]
 [ 1  2]
 [ 1  2]
 [ 1  2]
 [ 1  2]
 [ 1  2]
 [ 1  2]
 [ 1  2]
 [ 1  2]
 [ 1  2]
 [ 1  2]
 [ 1  2]
 [ 1  2]
 [ 1  2]
 [ 1  2]
 [ 1  2]
 [ 1  2]
 [ 1  2]
 [ 1  2]
 [ 1  2]
 [ 1  2]
 [ 1  2]
 [ 1  2]
 [ 1  2]
 [ 1  2]
 [ 1  2]
 [ 1  2]
 [ 1  2]
 [ 1  2]
 [ 1  2]
 [ 1  2]
 [ 1  2]
 [ 1  2]
 [ 1  2]
 [ 1  2]
 [ 1  2]
 [ 1  2]
 [ 1  2]
 [ 1  2]
 [ 1  2]
 [ 1  2]
 [ 1  2]
 [ 1  2]
 [ 1  2]
 [ 1  2]
 [ 1  2]
 [ 1  2]
 [ 1  2]
 [ 1  2]
 [ 1  2]
 [ 1  2]
 [ 1  2]
 [ 1  2]
 [ 2  2]
 [ 2  3]
 [ 2  4]
 [ 2  5]
 [ 2  6]
 [ 2  7]
 [ 2  9]
 [ 3  3]
 [ 3  4]
 [ 3  5]
 [ 3  6]
 [ 3  7]
 [ 3  9]
 [ 4  4]
 [ 4  5]
 [ 4  6]
 [ 4  7]
 [ 4  9]
 [ 4 11]
 [ 5  5]
 [ 5  6]
 [ 5  7]
 [ 5  9]
 [ 5 11]
 [ 5 12]
 [ 6  6]
 [ 6  7]
 [ 6  9]
 [ 6 11]
 [ 6 12]
 [ 6 13]
 [ 7  7]
 [ 7  9]
 [ 7 11]
 [ 7 12]
 [ 7 13]
 [ 7 14]]"
