,chrom,resolution,total_bins_in_chrom,total_bins_with_pls_and_els,min_count,max_count,average_count,median_count,standarddeviation,total_count,list_of_counts,list_of_indexes
0,chr15,25000,16646400,88,1,12,1.3095924644367552e-05,2.0,2.099660539269453,218,"[ 1  3  1  3  1  1  2  1  3  1  3  1  1  2  1  3  1  3  1  1  2  1  3  1
  3  1  1  2  3  4  2  1  3  1  3  1  1  2  3  4  2  1  1  1  3  1  3  1
  1  2  3  4  2  1  1  1  3  1  6 10  1  2  3  4  2  1  1  1  1  3 10  1
  2  3  4  2  1  1  3  3  3  3  6  9 12  6  3  3]","[[ 913  914]
 [ 913  994]
 [ 913  995]
 [ 913  998]
 [ 913 1017]
 [ 913 1019]
 [ 913 1026]
 [ 914  919]
 [ 919  994]
 [ 919  995]
 [ 919  998]
 [ 919 1017]
 [ 919 1019]
 [ 919 1026]
 [ 914  921]
 [ 921  994]
 [ 921  995]
 [ 921  998]
 [ 921 1017]
 [ 921 1019]
 [ 921 1026]
 [ 914  947]
 [ 947  994]
 [ 947  995]
 [ 947  998]
 [ 947 1017]
 [ 947 1019]
 [ 947 1026]
 [ 947 1043]
 [ 947 1049]
 [ 947 1067]
 [ 914  992]
 [ 992  994]
 [ 992  995]
 [ 992  998]
 [ 992 1017]
 [ 992 1019]
 [ 992 1026]
 [ 992 1043]
 [ 992 1049]
 [ 992 1067]
 [ 992 1070]
 [ 992 1082]
 [ 914  993]
 [ 993  994]
 [ 993  995]
 [ 993  998]
 [ 993 1017]
 [ 993 1019]
 [ 993 1026]
 [ 993 1043]
 [ 993 1049]
 [ 993 1067]
 [ 993 1070]
 [ 993 1082]
 [ 914  994]
 [ 994  994]
 [ 994  995]
 [ 994  998]
 [ 994 1017]
 [ 994 1019]
 [ 994 1026]
 [ 994 1043]
 [ 994 1049]
 [ 994 1067]
 [ 994 1070]
 [ 994 1082]
 [ 914  998]
 [ 995  998]
 [ 998  998]
 [ 998 1017]
 [ 998 1019]
 [ 998 1026]
 [ 998 1043]
 [ 998 1049]
 [ 998 1067]
 [ 998 1070]
 [ 998 1082]
 [ 914 1017]
 [ 995 1017]
 [1017 1017]
 [1017 1019]
 [1017 1026]
 [1017 1043]
 [1017 1049]
 [1017 1067]
 [1017 1070]
 [1017 1082]]"
