,chrom,resolution,total_bins_in_chrom,total_bins_with_pls_and_els,min_count,max_count,average_count,median_count,standarddeviation,total_count,list_of_counts,list_of_indexes
0,chr21,2000,545456025,124,1.0,6.0,3.3549908995871846e-07,1.0,0.8078616705030969,183.0,"[1. 1. 1. 1. 1. 1. 1. 2. 2. 1. 1. 1. 1. 1. 2. 2. 2. 1. 1. 1. 1. 1. 1. 1.
 1. 1. 1. 2. 2. 1. 1. 1. 1. 2. 2. 1. 1. 1. 1. 1. 1. 1. 1. 1. 1. 2. 2. 1.
 1. 1. 1. 2. 1. 1. 1. 1. 1. 2. 1. 1. 2. 1. 1. 1. 1. 1. 2. 1. 1. 2. 1. 3.
 2. 1. 1. 2. 4. 1. 2. 1. 2. 1. 1. 2. 2. 1. 2. 2. 4. 1. 1. 2. 2. 2. 4. 1.
 2. 3. 6. 2. 4. 1. 1. 2. 2. 1. 2. 2. 1. 1. 1. 1. 1. 2. 1. 1. 2. 1. 3. 2.
 1. 1. 1. 1.]","[[6990 7191]
 [6990 7191]
 [6990 7308]
 [6990 7458]
 [6990 7711]
 [6990 7712]
 [6990 7876]
 [6990 8140]
 [7013 7191]
 [7013 7308]
 [7013 7458]
 [7013 7711]
 [7013 7712]
 [7013 7876]
 [7013 8140]
 [7107 7191]
 [7108 7191]
 [7107 7308]
 [7108 7308]
 [7107 7458]
 [7108 7458]
 [7107 7711]
 [7107 7712]
 [7108 7711]
 [7108 7712]
 [7107 7876]
 [7108 7876]
 [7107 8140]
 [7108 8140]
 [7107 8559]
 [7107 8560]
 [7108 8559]
 [7108 8560]
 [7136 7191]
 [7137 7191]
 [7136 7308]
 [7137 7308]
 [7136 7458]
 [7137 7458]
 [7136 7711]
 [7136 7712]
 [7137 7711]
 [7137 7712]
 [7136 7876]
 [7137 7876]
 [7136 8140]
 [7137 8140]
 [7136 8559]
 [7136 8560]
 [7137 8559]
 [7137 8560]
 [7191 7191]
 [7191 7308]
 [7191 7458]
 [7191 7711]
 [7191 7712]
 [7191 7876]
 [7191 8140]
 [7191 8559]
 [7191 8560]
 [7191 7532]
 [7308 7532]
 [7458 7532]
 [7532 7711]
 [7532 7712]
 [7532 7876]
 [7532 8140]
 [7532 8559]
 [7532 8560]
 [7532 8756]
 [7532 8757]
 [7532 8909]
 [7532 8950]
 [7532 8994]
 [7532 8995]
 [7191 7864]
 [7191 7865]
 [7308 7864]
 [7308 7865]
 [7458 7864]
 [7458 7865]
 [7711 7864]
 [7712 7864]
 [7711 7865]
 [7712 7865]
 [7864 7876]
 [7865 7876]
 [7864 8140]
 [7865 8140]
 [7864 8559]
 [7864 8560]
 [7865 8559]
 [7865 8560]
 [7864 8756]
 [7865 8756]
 [7864 8757]
 [7865 8757]
 [7864 8909]
 [7865 8909]
 [7864 8950]
 [7865 8950]
 [7864 8994]
 [7864 8995]
 [7865 8994]
 [7865 8995]
 [7864 9077]
 [7865 9077]
 [7191 8294]
 [7308 8294]
 [7458 8294]
 [7711 8294]
 [7712 8294]
 [7876 8294]
 [8140 8294]
 [8294 8559]
 [8294 8560]
 [8294 8756]
 [8294 8757]
 [8294 8909]
 [8294 8950]
 [8294 8994]
 [8294 8995]
 [8294 9077]
 [8294 9560]]"
