,chrom,resolution,total_bins_in_chrom,total_bins_with_pls_and_els,min_count,max_count,average_count,median_count,standarddeviation,total_count,list_of_counts,list_of_indexes
0,chr12,5000,710542336,777,1,8,1.6142598996381265e-06,1.0,0.9017425742874334,1147,"[1 1 1 1 1 1 1 1 1 1 2 1 1 1 1 1 1 1 1 1 1 3 1 1 1 2 2 2 2 2 2 2 2 2 2 4 2
 2 2 2 2 2 2 2 2 2 6 2 2 2 2 2 1 1 1 1 1 1 1 1 1 1 2 1 1 1 1 1 1 1 1 1 1 3
 1 1 1 1 1 1 1 1 1 1 1 1 1 1 1 1 1 1 1 1 1 1 1 1 1 2 2 1 1 1 1 1 1 1 1 1 1
 1 1 1 1 1 1 1 1 1 1 3 3 1 1 1 1 1 1 1 1 1 1 1 2 1 2 3 2 3 1 1 1 3 2 1 1 1
 1 1 1 1 2 2 4 1 1 1 1 1 1 1 2 3 2 3 1 1 1 3 2 1 1 1 1 1 1 1 2 2 4 1 1 1 1
 1 1 1 3 2 3 1 1 1 3 2 1 1 1 1 1 1 1 2 2 4 1 1 1 1 1 2 2 3 4 2 2 2 5 3 2 2
 2 2 2 2 2 3 3 7 2 2 2 2 2 1 1 3 1 1 1 3 2 1 1 1 1 1 1 1 2 2 4 1 1 1 1 1 2
 2 2 2 2 5 3 2 2 2 2 2 2 2 3 3 7 2 2 2 2 2 1 1 1 1 1 1 1 1 1 1 2 1 1 1 1 1
 1 1 1 1 1 3 1 1 1 1 1 1 3 1 4 1 2 1 1 1 1 1 1 1 1 1 2 3 1 1 1 1 1 1 1 3 3
 5 1 1 1 1 1 1 3 1 4 1 2 1 1 1 1 1 2 1 1 1 1 1 1 1 1 1 1 1 1 2 2 4 1 1 1 1
 1 1 3 1 4 1 2 1 1 1 1 1 2 1 1 1 1 1 1 1 1 1 1 1 2 1 1 1 1 1 1 1 1 1 1 3 1
 1 1 1 1 1 3 1 4 1 2 1 1 1 1 1 2 1 1 1 1 1 1 1 1 1 1 1 2 1 1 1 1 1 1 1 1 1
 1 3 1 1 1 1 1 1 3 1 4 1 2 1 1 1 1 1 2 1 1 2 1 1 1 1 1 1 1 1 1 1 2 1 1 1 1
 1 1 1 1 1 1 3 1 1 1 1 1 1 3 1 4 1 2 1 1 1 1 1 2 1 1 2 1 1 1 1 1 1 1 1 1 1
 1 1 1 1 1 1 1 1 1 1 2 2 1 1 1 1 1 1 1 1 1 1 1 1 1 1 1 1 1 1 1 1 3 3 1 1 1
 1 1 1 1 1 1 1 1 1 3 3 1 1 4 4 1 1 2 2 1 1 1 1 1 1 1 1 1 1 2 2 1 1 1 1 2 2
 2 2 2 2 2 2 2 2 2 2 4 2 2 2 2 2 2 2 2 2 2 6 2 2 2 2 2 2 6 2 8 2 4 2 2 2 2
 2 4 2 2 4 1 1 1 1 1 1 1 1 1 1 1 1 2 4 1 1 1 1 1 1 3 1 4 1 2 1 1 1 1 1 2 1
 1 2 1 1 1 1 1 1 1 1 1 1 1 1 4 1 1 1 1 1 1 3 1 4 1 2 1 1 1 1 1 2 1 1 2 1 1
 1 1 1 1 1 1 1 1 1 3 1 1 1 1 1 1 3 1 4 1 2 1 1 1 1 1 2 1 1 2 1 1 1 1 1 1 1
 1 1 1 2 1 1 1 1 1 1 1 1 1 1 3 1 1 1 1 1 1 3 1 4 1 2 1 1 1 1 1 2 1 1 2 2 1]","[[  13  126]
 [  13  128]
 [  13  144]
 ...
 [ 615 1096]
 [ 615 1216]
 [ 615 1217]]"
