,chrom,resolution,total_bins_in_chrom,total_bins_with_pls_and_els,min_count,max_count,average_count,median_count,standarddeviation,total_count,list_of_counts,list_of_indexes
0,chr3,2000,9830325904,91,1,4,1.8412410917765236e-08,2.0,1.0638361591455778,181,"[1 1 2 4 2 2 4 4 1 3 1 1 3 3 2 1 1 2 1 1 2 2 1 1 2 1 1 4 4 3 1 2 4 2 2 4 4
 2 2 1 1 2 4 3 1 1 1 2 3 1 1 2 1 1 2 2 1 1 1 2 4 2 2 4 4 2 2 2 1 1 1 1 1 2
 4 2 2 4 4 2 2 2 1 2 1 1 2 2 1 1 1]","[[  98 1563]
 [ 268 1563]
 [1049 1563]
 [1049 1899]
 [1049 1900]
 [1049 2035]
 [1049 2233]
 [1049 2246]
 [1563 1563]
 [1563 1899]
 [1563 1900]
 [1563 2035]
 [1563 2233]
 [1563 2246]
 [1563 2561]
 [1563 2606]
 [1563 1589]
 [1589 1899]
 [1589 1900]
 [1589 2035]
 [1589 2233]
 [1589 2246]
 [1589 2561]
 [1589 2606]
 [1899 1899]
 [1899 1900]
 [1899 2035]
 [1899 2233]
 [1899 2246]
 [1899 2561]
 [1899 2606]
 [1563 2151]
 [1899 2151]
 [1900 2151]
 [2035 2151]
 [2151 2233]
 [2151 2246]
 [2151 2561]
 [2151 2606]
 [1900 2233]
 [2035 2233]
 [2233 2233]
 [2233 2246]
 [2233 2561]
 [2233 2606]
 [1900 2246]
 [2035 2246]
 [2246 2246]
 [2246 2561]
 [2246 2606]
 [1563 2489]
 [1899 2489]
 [1900 2489]
 [2035 2489]
 [2233 2489]
 [2246 2489]
 [2489 2561]
 [2489 2606]
 [2489 3841]
 [1563 2490]
 [1899 2490]
 [1900 2490]
 [2035 2490]
 [2233 2490]
 [2246 2490]
 [2490 2561]
 [2490 2606]
 [2490 3841]
 [1900 2561]
 [2035 2561]
 [2561 2561]
 [2561 2606]
 [2561 3841]
 [1563 2593]
 [1899 2593]
 [1900 2593]
 [2035 2593]
 [2233 2593]
 [2246 2593]
 [2561 2593]
 [2593 2606]
 [2593 3841]
 [1563 2594]
 [1899 2594]
 [1900 2594]
 [2035 2594]
 [2233 2594]
 [2246 2594]
 [2561 2594]
 [2594 2606]
 [2594 3841]]"
