,chrom,resolution,total_bins_in_chrom,total_bins_with_pls_and_els,min_count,max_count,average_count,median_count,standarddeviation,total_count,list_of_counts,list_of_indexes
0,chr10,100000,1790244,37,1,18,7.708446446406188e-05,3.0,3.37437600757051,138,"[ 1  2  4  2  2  6  4  2  2  4 12  4  1  3  3  6  3  3  9  6  3  3  6 18
  6  1  1  2  1  1  3  2  1  1  2  6  2]","[[ 1  9]
 [ 3  9]
 [ 9  9]
 [ 9 11]
 [ 9 12]
 [ 9 13]
 [ 9 22]
 [ 9 29]
 [ 9 31]
 [ 9 34]
 [ 9 37]
 [ 9 38]
 [ 1  9]
 [ 1 10]
 [ 3 10]
 [ 9 10]
 [10 11]
 [10 12]
 [10 13]
 [10 22]
 [10 29]
 [10 31]
 [10 34]
 [10 37]
 [10 38]
 [ 1 17]
 [ 3 17]
 [ 9 17]
 [11 17]
 [12 17]
 [13 17]
 [17 22]
 [17 29]
 [17 31]
 [17 34]
 [17 37]
 [17 38]]"
