,chrom,resolution,total_bins_in_chrom,total_bins_with_pls_and_els,min_count,max_count,average_count,median_count,standarddeviation,total_count,list_of_counts,list_of_indexes
0,chr9,500000,76729,39,1,70,0.008497439038694626,14.0,17.128397050974495,652,"[ 1  1  1 36 15  9  1  1  1  1  1  1 15 66 40 15  9 36 15  9 27 24 70  6
 18  2 25 15 45  5 35  6 24 10  6 18  2 14 26]","[[ 0  1]
 [ 0  1]
 [ 0  1]
 [ 0  4]
 [ 0  5]
 [ 0  7]
 [ 0  1]
 [ 0  1]
 [ 0  1]
 [ 0  1]
 [ 0  1]
 [ 0  1]
 [ 1  1]
 [ 1  4]
 [ 1  5]
 [ 1  7]
 [ 1  2]
 [ 2  4]
 [ 2  5]
 [ 2  7]
 [ 2  9]
 [ 4  4]
 [ 4  5]
 [ 4  7]
 [ 4  9]
 [ 4 11]
 [ 5  5]
 [ 5  7]
 [ 5  9]
 [ 5 11]
 [ 5 12]
 [ 1  6]
 [ 4  6]
 [ 5  6]
 [ 6  7]
 [ 6  9]
 [ 6 11]
 [ 6 12]
 [ 6 13]]"
