,chrom,resolution,total_bins_in_chrom,total_bins_with_pls_and_els,min_count,max_count,average_count,median_count,standarddeviation,total_count,list_of_counts,list_of_indexes
0,chr19,500000,13924,53,1.0,1438.0,1.3409221488078138,216.0,363.11947082055457,18671.0,"[1.000e+00 1.000e+00 1.000e+00 1.070e+02 1.650e+02 9.500e+01 9.400e+01
 4.300e+01 2.000e+01 5.400e+01 1.000e+00 1.000e+00 1.000e+00 4.620e+02
 1.438e+03 8.360e+02 8.160e+02 3.660e+02 2.100e+02 5.670e+02 6.300e+02
 1.116e+03 1.294e+03 1.268e+03 5.720e+02 3.100e+02 8.370e+02 9.300e+02
 1.240e+02 3.740e+02 7.360e+02 3.340e+02 1.700e+02 4.590e+02 5.100e+02
 6.800e+01 2.040e+02 3.600e+02 3.240e+02 1.800e+02 4.860e+02 5.400e+02
 7.200e+01 2.160e+02 2.520e+02 7.200e+01 9.000e+01 2.430e+02 2.700e+02
 3.600e+01 1.080e+02 1.260e+02 8.100e+01]","[[ 0  0]
 [ 0  0]
 [ 0  0]
 [ 0  1]
 [ 0  2]
 [ 0  3]
 [ 0  4]
 [ 0  5]
 [ 0  6]
 [ 0  7]
 [ 0  0]
 [ 0  0]
 [ 0  0]
 [ 1  1]
 [ 1  2]
 [ 1  3]
 [ 1  4]
 [ 1  5]
 [ 1  6]
 [ 1  7]
 [ 1  8]
 [ 2  2]
 [ 2  3]
 [ 2  4]
 [ 2  5]
 [ 2  6]
 [ 2  7]
 [ 2  8]
 [ 2  9]
 [ 3  3]
 [ 3  4]
 [ 3  5]
 [ 3  6]
 [ 3  7]
 [ 3  8]
 [ 3  9]
 [ 3 10]
 [ 4  4]
 [ 4  5]
 [ 4  6]
 [ 4  7]
 [ 4  8]
 [ 4  9]
 [ 4 10]
 [ 4 11]
 [ 5  5]
 [ 5  6]
 [ 5  7]
 [ 5  8]
 [ 5  9]
 [ 5 10]
 [ 5 11]
 [ 5 12]]"
