,chrom,resolution,total_bins_in_chrom,total_bins_with_pls_and_els,min_count,max_count,average_count,median_count,standarddeviation,total_count,list_of_counts,list_of_indexes
0,chr4,500000,145161,54,1,192,0.014514917918724727,24.0,41.54671210449874,2107,"[  1   1  23  56  49  44  72  15  10   1   1   1   1   1   1   1   1   9
  67  70  61 114  27  18  18  78 133 120 192  39  26  26  52  49  91 126
  21  14  14  28  42 120  21  14  14  28  28  72  18  12  12  24  24   6]","[[ 0  0]
 [ 0  0]
 [ 0  1]
 [ 0  2]
 [ 0  3]
 [ 0  4]
 [ 0  5]
 [ 0  6]
 [ 0  7]
 [ 0  0]
 [ 0  0]
 [ 0  0]
 [ 0  0]
 [ 0  0]
 [ 0  0]
 [ 0  0]
 [ 0  0]
 [ 1  1]
 [ 1  2]
 [ 1  3]
 [ 1  4]
 [ 1  5]
 [ 1  6]
 [ 1  7]
 [ 1  8]
 [ 2  2]
 [ 2  3]
 [ 2  4]
 [ 2  5]
 [ 2  6]
 [ 2  7]
 [ 2  8]
 [ 2  9]
 [ 3  3]
 [ 3  4]
 [ 3  5]
 [ 3  6]
 [ 3  7]
 [ 3  8]
 [ 3  9]
 [ 4  4]
 [ 4  5]
 [ 4  6]
 [ 4  7]
 [ 4  8]
 [ 4  9]
 [ 4 11]
 [ 5  5]
 [ 5  6]
 [ 5  7]
 [ 5  8]
 [ 5  9]
 [ 5 11]
 [ 5 12]]"
