,chrom,resolution,total_bins_in_chrom,total_bins_with_pls_and_els,min_count,max_count,average_count,median_count,standarddeviation,total_count,list_of_counts,list_of_indexes
0,chr12,25000,28430224,509,1,10,3.577178990921774e-05,2.0,1.4932711125730989,1017,"[ 1  1  1  1  1  1  1  1  1  1  2  1  2  1  1  1  1  1  2  4  2  4  2  2
  2  2  2  2  2  2  4  2  4  2  2  2  2  2  4  8  4  2  2  1  1  1  1  1
  1  1  1  2  1  2  1  1  1  1  1  2  4  2  1  2  1  1  1  1  1  1  1  1
  2  1  2  1  1  1  1  1  2  4  2  1  4  2  4  6  4  6  2  2  2  6  4  4
  2  2  2  2  2  8 10  4  2  1  1  3  2  3  1  1  1  3  2  2  1  1  1  1
  1  4  5  2  1  2  2  3  4  2  2  2  5  3  4  2  2  2  2  2  6  9  4  2
  1  1  3  1  1  1  3  2  2  1  1  1  1  1  4  5  2  1  2  2  2  2  2  5
  3  4  2  2  2  2  2  6  9  4  2  2  2  1  1  1  1  1  1  1  1  2  1  2
  1  1  1  1  1  2  4  2  1  1  4  4  2  1  1  1  1  2  1  1  1  1  2  3
  2  1  1  1  1  1  6  6  2  1  1  4  4  2  1  1  1  1  2  1  1  1  1  1
  1  2  1  1  1  1  1  4  5  2  1  1  4  4  2  1  1  1  1  2  1  2  1  1
  1  1  1  1  1  1  2  1  2  1  1  1  1  1  2  4  2  1  1  4  4  2  1  1
  1  1  2  1  2  1  1  1  1  1  1  1  1  2  1  2  1  1  1  1  1  2  4  2
  1  1  4  4  2  1  1  1  1  2  1  1  2  2  1  1  1  1  1  1  1  1  2  1
  2  1  1  1  1  1  2  4  2  1  1  4  4  2  1  1  1  1  2  1  1  2  2  1
  1  1  1  1  1  1  1  2  1  2  1  1  1  1  1  2  4  2  1  1  4  4  2  1
  1  1  1  2  1  1  2  4  2  2  2  2  2  2  2  2  4  2  4  2  2  2  2  2
  4  8  4  2  2  8  8  4  2  2  2  2  4  2  2  4  2  2  2  2  4  2  2  2
  2  2  4 10  4  2  2  8  8  4  2  2  2  2  4  2  2  4  1  1  1  1  2  1
  1  1  1  1  4  2  1  1  4  4  2  1  1  1  1  2  1  1  2  2  1  1  1  1
  1  1  1  1  2  1  2  1  1  1  1  1  2  4  2  1  1  4  4  2  1  1  1  1
  2  1  1  2  2]","[[  2  25]
 [  2  25]
 [  2  28]
 ...
 [123 209]
 [123 219]
 [123 243]]"
