,chrom,resolution,total_bins_in_chrom,total_bins_with_pls_and_els,min_count,max_count,average_count,median_count,standarddeviation,total_count,list_of_counts,list_of_indexes
0,chr22,250000,41616,144,1.0,163.0,0.06689734717416378,8.0,25.51388510857046,2784.0,"[  1.   1.   1.   1.   1.   1.   1.   1.   1.  86.  44.  30.  57.  55.
 101.  34.  72.  16.   8.   1.   1.   1.   1.   1.   1.   1.   1.   1.
   1.   1.   1.   1.   1.   1.   1.   1.   1.   1.   1.   1.   1.   1.
   1.   1.   1.   1.  34.  72.  40.  91.  65. 163.  42.  86.   8.   4.
  10.   8.  16.  22.  34.  38.  20.  44.  16.   8.  20.   8.   6.  21.
  23.  37.  14.  30.   8.   4.  10.   4.   4.  15.  44.  52.  26.  57.
  20.  10.  25.  10.  10.   9.  17.   2.   3.   3.   7.   5.   4.   9.
   4.   2.   5.   2.   2.   4.   4.  21.  78.  26.  55.  12.   6.  15.
   6.   6.  12.  12.  45.  46. 101.  36.  18.  45.  18.  18.  36.  36.
   8.  34.   8.   4.  10.   4.   4.   8.   8.  36.  16.   8.  20.   8.
   8.  16.  16.  20.]","[[68 68]
 [68 68]
 [68 68]
 [68 68]
 [68 68]
 [68 68]
 [68 68]
 [68 68]
 [68 68]
 [68 69]
 [68 70]
 [68 71]
 [68 72]
 [68 76]
 [68 77]
 [68 78]
 [68 79]
 [68 80]
 [68 81]
 [68 68]
 [68 68]
 [68 68]
 [68 68]
 [68 68]
 [68 68]
 [68 68]
 [68 68]
 [68 68]
 [68 68]
 [68 68]
 [68 68]
 [68 68]
 [68 68]
 [68 68]
 [68 68]
 [68 68]
 [68 68]
 [68 68]
 [68 68]
 [68 68]
 [68 68]
 [68 68]
 [68 68]
 [68 68]
 [68 68]
 [68 68]
 [69 69]
 [69 70]
 [69 71]
 [69 72]
 [69 76]
 [69 77]
 [69 78]
 [69 79]
 [69 80]
 [69 81]
 [69 82]
 [70 70]
 [70 71]
 [70 72]
 [70 76]
 [70 77]
 [70 78]
 [70 79]
 [70 80]
 [70 81]
 [70 82]
 [70 83]
 [71 71]
 [71 72]
 [71 76]
 [71 77]
 [71 78]
 [71 79]
 [71 80]
 [71 81]
 [71 82]
 [71 83]
 [71 84]
 [72 72]
 [72 76]
 [72 77]
 [72 78]
 [72 79]
 [72 80]
 [72 81]
 [72 82]
 [72 83]
 [72 84]
 [68 75]
 [69 75]
 [70 75]
 [71 75]
 [72 75]
 [75 76]
 [75 77]
 [75 78]
 [75 79]
 [75 80]
 [75 81]
 [75 82]
 [75 83]
 [75 84]
 [75 86]
 [75 87]
 [76 76]
 [76 77]
 [76 78]
 [76 79]
 [76 80]
 [76 81]
 [76 82]
 [76 83]
 [76 84]
 [76 86]
 [76 87]
 [77 77]
 [77 78]
 [77 79]
 [77 80]
 [77 81]
 [77 82]
 [77 83]
 [77 84]
 [77 86]
 [77 87]
 [78 78]
 [78 79]
 [78 80]
 [78 81]
 [78 82]
 [78 83]
 [78 84]
 [78 86]
 [78 87]
 [79 79]
 [79 80]
 [79 81]
 [79 82]
 [79 83]
 [79 84]
 [79 86]
 [79 87]
 [79 92]]"
