,chrom,resolution,total_bins_in_chrom,total_bins_with_pls_and_els,min_count,max_count,average_count,median_count,standarddeviation,total_count,list_of_counts,list_of_indexes
0,chr9,1000000,19321,37,1,157,0.0375756948398116,1.0,39.561345693062805,726,"[  1   1   1 157  24  72   1   1   1   1   1   1   1   1   1   1   1   1
   1   1   1   1   1   1   1   1   1   9  51   9  27   3 119  21  63   7
 140]","[[0 0]
 [0 0]
 [0 0]
 [0 2]
 [0 3]
 [0 4]
 [0 0]
 [0 0]
 [0 0]
 [0 0]
 [0 0]
 [0 0]
 [0 0]
 [0 0]
 [0 0]
 [0 0]
 [0 0]
 [0 0]
 [0 0]
 [0 0]
 [0 0]
 [0 0]
 [0 0]
 [0 0]
 [0 0]
 [0 0]
 [0 0]
 [0 1]
 [1 2]
 [1 3]
 [1 4]
 [1 5]
 [2 2]
 [2 3]
 [2 4]
 [2 5]
 [2 6]]"
