,chrom,resolution,total_bins_in_chrom,total_bins_with_pls_and_els,min_count,max_count,average_count,median_count,standarddeviation,total_count,list_of_counts,list_of_indexes
0,chr14,250000,184041,131,1,375,0.047560054553061545,38.0,79.86446548832681,8753,"[  1   1   1   1 100  80 220 104 132 100 268 148 144 216   1   1   1   1
   1   1   1   1   1   1   1   1   1   1   1   1   1   1   1   1   1   1
   1   1   1   1   1   1   1   1   1   1   1   1   1   1   1   1   1   1
   1   1   1   1  28  38 113  80  78  56 180 106  48  72  12  74  60  54
  38 130  78  24  36  28 112 170 159 113 375 223  84 126  98  28  48 108
  80 232 132  96 144 112  32  54  78 246 144  72 108  84  24  18  28 180
 106  48  72  56  16  12   4 272 314 192 288 224  64  48  16  90 120 180
 140  40  30  10  10]","[[ 81  81]
 [ 81  81]
 [ 81  81]
 [ 81  81]
 [ 81  82]
 [ 81  83]
 [ 81  84]
 [ 81  85]
 [ 81  86]
 [ 81  90]
 [ 81  91]
 [ 81  92]
 [ 81  93]
 [ 81  94]
 [ 81  81]
 [ 81  81]
 [ 81  81]
 [ 81  81]
 [ 81  81]
 [ 81  81]
 [ 81  81]
 [ 81  81]
 [ 81  81]
 [ 81  81]
 [ 81  81]
 [ 81  81]
 [ 81  81]
 [ 81  81]
 [ 81  81]
 [ 81  81]
 [ 81  81]
 [ 81  81]
 [ 81  81]
 [ 81  81]
 [ 81  81]
 [ 81  81]
 [ 81  81]
 [ 81  81]
 [ 81  81]
 [ 81  81]
 [ 81  81]
 [ 81  81]
 [ 81  81]
 [ 81  81]
 [ 81  81]
 [ 81  81]
 [ 81  81]
 [ 81  81]
 [ 81  81]
 [ 81  81]
 [ 81  81]
 [ 81  81]
 [ 81  81]
 [ 81  81]
 [ 81  81]
 [ 81  81]
 [ 81  81]
 [ 81  81]
 [ 82  82]
 [ 82  83]
 [ 82  84]
 [ 82  85]
 [ 82  86]
 [ 82  90]
 [ 82  91]
 [ 82  92]
 [ 82  93]
 [ 82  94]
 [ 83  83]
 [ 83  84]
 [ 83  85]
 [ 83  86]
 [ 83  90]
 [ 83  91]
 [ 83  92]
 [ 83  93]
 [ 83  94]
 [ 83  96]
 [ 84  84]
 [ 84  85]
 [ 84  86]
 [ 84  90]
 [ 84  91]
 [ 84  92]
 [ 84  93]
 [ 84  94]
 [ 84  96]
 [ 84  97]
 [ 85  85]
 [ 85  86]
 [ 85  90]
 [ 85  91]
 [ 85  92]
 [ 85  93]
 [ 85  94]
 [ 85  96]
 [ 85  97]
 [ 86  86]
 [ 86  90]
 [ 86  91]
 [ 86  92]
 [ 86  93]
 [ 86  94]
 [ 86  96]
 [ 86  97]
 [ 86  99]
 [ 90  90]
 [ 90  91]
 [ 90  92]
 [ 90  93]
 [ 90  94]
 [ 90  96]
 [ 90  97]
 [ 90  99]
 [ 90 103]
 [ 91  91]
 [ 91  92]
 [ 91  93]
 [ 91  94]
 [ 91  96]
 [ 91  97]
 [ 91  99]
 [ 91 103]
 [ 92  92]
 [ 92  93]
 [ 92  94]
 [ 92  96]
 [ 92  97]
 [ 92  99]
 [ 92 103]
 [ 92 105]]"
