,chrom,resolution,total_bins_in_chrom,total_bins_with_pls_and_els,min_count,max_count,average_count,median_count,standarddeviation,total_count,list_of_counts,list_of_indexes
0,chr3,5000,1572915600,82,1,6,1.1507292571832843e-07,2.0,1.2853565973656624,181,"[1 1 2 4 2 2 4 4 1 3 1 1 3 3 2 1 1 2 1 1 2 2 1 1 2 1 1 4 4 3 1 2 4 2 2 4 4
 2 2 1 1 2 4 3 1 1 1 2 3 1 1 2 1 1 2 2 1 1 1 2 4 2 2 4 4 2 2 2 1 1 1 1 1 3
 6 3 3 6 6 3 3 3]","[[  39  625]
 [ 107  625]
 [ 419  625]
 [ 419  759]
 [ 419  760]
 [ 419  814]
 [ 419  893]
 [ 419  898]
 [ 625  625]
 [ 625  759]
 [ 625  760]
 [ 625  814]
 [ 625  893]
 [ 625  898]
 [ 625 1024]
 [ 625 1042]
 [ 625  635]
 [ 635  759]
 [ 635  760]
 [ 635  814]
 [ 635  893]
 [ 635  898]
 [ 635 1024]
 [ 635 1042]
 [ 759  759]
 [ 759  760]
 [ 759  814]
 [ 759  893]
 [ 759  898]
 [ 759 1024]
 [ 759 1042]
 [ 625  860]
 [ 759  860]
 [ 760  860]
 [ 814  860]
 [ 860  893]
 [ 860  898]
 [ 860 1024]
 [ 860 1042]
 [ 760  893]
 [ 814  893]
 [ 893  893]
 [ 893  898]
 [ 893 1024]
 [ 893 1042]
 [ 760  898]
 [ 814  898]
 [ 898  898]
 [ 898 1024]
 [ 898 1042]
 [ 625  995]
 [ 759  995]
 [ 760  995]
 [ 814  995]
 [ 893  995]
 [ 898  995]
 [ 995 1024]
 [ 995 1042]
 [ 995 1536]
 [ 625  996]
 [ 759  996]
 [ 760  996]
 [ 814  996]
 [ 893  996]
 [ 898  996]
 [ 996 1024]
 [ 996 1042]
 [ 996 1536]
 [ 760 1024]
 [ 814 1024]
 [1024 1024]
 [1024 1042]
 [1024 1536]
 [ 625 1037]
 [ 759 1037]
 [ 760 1037]
 [ 814 1037]
 [ 893 1037]
 [ 898 1037]
 [1024 1037]
 [1037 1042]
 [1037 1536]]"
