,chrom,resolution,total_bins_in_chrom,total_bins_with_pls_and_els,min_count,max_count,average_count,median_count,standarddeviation,total_count,list_of_counts,list_of_indexes
0,chr10,5000,716097600,90,1,6,2.0946865343495078e-07,1.0,1.021980647783726,150,"[1 1 2 1 1 1 3 2 1 1 1 1 2 3 1 1 1 1 1 1 2 1 1 1 3 2 1 1 1 1 2 3 1 1 1 1 2
 2 4 2 2 2 6 4 2 2 2 2 4 6 2 2 2 2 1 1 2 1 1 1 3 2 1 1 1 1 2 3 1 1 1 1 1 1
 2 1 1 1 3 2 1 1 1 1 2 3 1 1 1 1]","[[ 27 186]
 [ 78 186]
 [186 186]
 [186 222]
 [186 248]
 [186 261]
 [186 262]
 [186 440]
 [186 592]
 [186 634]
 [186 691]
 [186 697]
 [186 755]
 [186 756]
 [186 757]
 [186 765]
 [186 766]
 [186 777]
 [ 27 197]
 [ 78 197]
 [186 197]
 [197 222]
 [197 248]
 [197 261]
 [197 262]
 [197 440]
 [197 592]
 [197 634]
 [197 691]
 [197 697]
 [197 755]
 [197 756]
 [197 757]
 [197 765]
 [197 766]
 [197 777]
 [ 27 209]
 [ 78 209]
 [186 209]
 [209 222]
 [209 248]
 [209 261]
 [209 262]
 [209 440]
 [209 592]
 [209 634]
 [209 691]
 [209 697]
 [209 755]
 [209 756]
 [209 757]
 [209 765]
 [209 766]
 [209 777]
 [ 27 211]
 [ 78 211]
 [186 211]
 [211 222]
 [211 248]
 [211 261]
 [211 262]
 [211 440]
 [211 592]
 [211 634]
 [211 691]
 [211 697]
 [211 755]
 [211 756]
 [211 757]
 [211 765]
 [211 766]
 [211 777]
 [ 27 347]
 [ 78 347]
 [186 347]
 [222 347]
 [248 347]
 [261 347]
 [262 347]
 [347 440]
 [347 592]
 [347 634]
 [347 691]
 [347 697]
 [347 755]
 [347 756]
 [347 757]
 [347 765]
 [347 766]
 [347 777]]"
