,chrom,resolution,total_bins_in_chrom,total_bins_with_pls_and_els,min_count,max_count,average_count,median_count,standarddeviation,total_count,list_of_counts,list_of_indexes
0,chr3,250000,630436,31,1,24,0.00032358558204163466,4.0,5.422618065154608,204,"[ 1  1  3  2  6  2  8  4  2  7  2 12  8  3  1 16 14  4 16 24  4  3  9  3
 12  6  3  4  8  4 12]","[[ 0 12]
 [ 2 12]
 [ 2 15]
 [ 8 12]
 [ 8 15]
 [ 8 16]
 [ 8 17]
 [ 8 20]
 [12 12]
 [12 15]
 [12 16]
 [12 17]
 [12 20]
 [15 15]
 [15 16]
 [15 17]
 [15 20]
 [16 17]
 [17 17]
 [17 20]
 [17 30]
 [12 19]
 [15 19]
 [16 19]
 [17 19]
 [19 20]
 [19 30]
 [16 20]
 [20 20]
 [20 30]
 [20 33]]"
