,chrom,resolution,total_bins_in_chrom,total_bins_with_pls_and_els,min_count,max_count,average_count,median_count,standarddeviation,total_count,list_of_counts,list_of_indexes
0,chr18,250000,103684,59,1,50,0.006664480537016319,9.0,11.80354851478726,691,"[ 1  1  1  2  2  1  2  2  9  3 17 14 10  5 14  9 10 10 18 11 12 18 45 50
  8 10 10 16 36 40 16  3  7 10 27 30 12  3  3 12  3  2 10  9 10  4  1  1
  4  1  8 36 40 16  4  4 16  4  8]","[[ 0  1]
 [ 0  1]
 [ 0  1]
 [ 0  2]
 [ 0  3]
 [ 0 10]
 [ 0 11]
 [ 0 12]
 [ 0 13]
 [ 1  1]
 [ 1  2]
 [ 1  3]
 [ 1 10]
 [ 1 11]
 [ 1 12]
 [ 1 13]
 [ 1 14]
 [ 2  2]
 [ 2  3]
 [ 2 10]
 [ 2 11]
 [ 2 12]
 [ 2 13]
 [ 2 14]
 [ 3  3]
 [ 3 10]
 [ 3 11]
 [ 3 12]
 [ 3 13]
 [ 3 14]
 [ 3 16]
 [10 10]
 [10 11]
 [10 12]
 [10 13]
 [10 14]
 [10 16]
 [10 17]
 [10 20]
 [10 21]
 [10 23]
 [11 11]
 [11 12]
 [11 13]
 [11 14]
 [11 16]
 [11 17]
 [11 20]
 [11 21]
 [11 23]
 [12 12]
 [12 13]
 [12 14]
 [12 16]
 [12 17]
 [12 20]
 [12 21]
 [12 23]
 [12 25]]"
