,chrom,resolution,total_bins_in_chrom,total_bins_with_pls_and_els,min_count,max_count,average_count,median_count,standarddeviation,total_count,list_of_counts,list_of_indexes
0,chr4,250000,579121,111,1,66,0.003577836065347311,15.0,12.812812656406408,2072,"[ 1  1 11 19 15 11 10 12  8  6 18  3  8  4 12 12  4 24  8 16 24 24 12  8
  4 12 12  4 24  8 16 24 24 12  8  5 23 21 10 32 15 22 30 36 15 10 10 24
 42 23 54 31 38 48 66 24 16 16 18 21 42 27 30 36 54 18 12 12  4 24  5 32
 15 22 30 36 15 10 10 20 12 34 20 12 48  6  4  4  8 10 24 30 42 15 10 10
 20  8 12 36  6  4  4  8 36 36 18 12 12 24 24]","[[ 0  0]
 [ 0  0]
 [ 0  3]
 [ 0  4]
 [ 0  5]
 [ 0  6]
 [ 0  7]
 [ 0  8]
 [ 0  9]
 [ 0 10]
 [ 0 11]
 [ 0 12]
 [ 0  1]
 [ 1  3]
 [ 1  4]
 [ 1  5]
 [ 1  6]
 [ 1  7]
 [ 1  8]
 [ 1  9]
 [ 1 10]
 [ 1 11]
 [ 1 12]
 [ 0  2]
 [ 2  3]
 [ 2  4]
 [ 2  5]
 [ 2  6]
 [ 2  7]
 [ 2  8]
 [ 2  9]
 [ 2 10]
 [ 2 11]
 [ 2 12]
 [ 2 15]
 [ 3  3]
 [ 3  4]
 [ 3  5]
 [ 3  6]
 [ 3  7]
 [ 3  8]
 [ 3  9]
 [ 3 10]
 [ 3 11]
 [ 3 12]
 [ 3 15]
 [ 3 16]
 [ 4  4]
 [ 4  5]
 [ 4  6]
 [ 4  7]
 [ 4  8]
 [ 4  9]
 [ 4 10]
 [ 4 11]
 [ 4 12]
 [ 4 15]
 [ 4 16]
 [ 5  5]
 [ 5  6]
 [ 5  7]
 [ 5  8]
 [ 5  9]
 [ 5 10]
 [ 5 11]
 [ 5 12]
 [ 5 15]
 [ 5 16]
 [ 4 18]
 [ 5 18]
 [ 6  6]
 [ 6  7]
 [ 6  8]
 [ 6  9]
 [ 6 10]
 [ 6 11]
 [ 6 12]
 [ 6 15]
 [ 6 16]
 [ 6 18]
 [ 7  7]
 [ 7  8]
 [ 7  9]
 [ 7 10]
 [ 7 11]
 [ 7 12]
 [ 7 15]
 [ 7 16]
 [ 7 18]
 [ 8  8]
 [ 8  9]
 [ 8 10]
 [ 8 11]
 [ 8 12]
 [ 8 15]
 [ 8 16]
 [ 8 18]
 [ 9  9]
 [ 9 10]
 [ 9 11]
 [ 9 12]
 [ 9 15]
 [ 9 16]
 [ 9 18]
 [10 11]
 [11 11]
 [11 12]
 [11 15]
 [11 16]
 [11 18]
 [11 23]]"
