,chrom,resolution,total_bins_in_chrom,total_bins_with_pls_and_els,min_count,max_count,average_count,median_count,standarddeviation,total_count,list_of_counts,list_of_indexes
0,chrY,100,327498675625,96,1.0,2.0,3.4809301070436963e-10,1.0,0.3903123748998999,114.0,"[1. 1. 1. 1. 1. 1. 1. 1. 1. 1. 1. 1. 1. 1. 1. 1. 1. 1. 1. 1. 1. 1. 2. 2.
 1. 1. 1. 1. 1. 1. 1. 1. 2. 2. 2. 2. 1. 1. 2. 2. 1. 1. 1. 1. 2. 2. 2. 2.
 1. 1. 1. 1. 2. 2. 1. 1. 1. 1. 1. 1. 1. 1. 2. 2. 2. 2. 1. 1. 1. 1. 1. 1.
 1. 1. 1. 1. 1. 1. 1. 1. 1. 1. 1. 1. 1. 1. 1. 1. 1. 1. 1. 1. 1. 1. 1. 1.]","[[27876 28417]
 [27876 28418]
 [27877 28417]
 [27877 28418]
 [27878 28417]
 [27878 28418]
 [27876 29358]
 [27876 29359]
 [27876 29360]
 [27876 29361]
 [27877 29358]
 [27877 29359]
 [27877 29360]
 [27877 29361]
 [27878 29358]
 [27878 29359]
 [27878 29360]
 [27878 29361]
 [28417 29347]
 [28418 29347]
 [28417 29348]
 [28418 29348]
 [28417 29349]
 [28418 29349]
 [29347 29358]
 [29347 29359]
 [29347 29360]
 [29347 29361]
 [29348 29358]
 [29348 29359]
 [29348 29360]
 [29348 29361]
 [29349 29358]
 [29349 29359]
 [29349 29360]
 [29349 29361]
 [28417 29350]
 [28418 29350]
 [28417 29351]
 [28418 29351]
 [29350 29358]
 [29350 29359]
 [29350 29360]
 [29350 29361]
 [29351 29358]
 [29351 29359]
 [29351 29360]
 [29351 29361]
 [28417 29352]
 [28418 29352]
 [28417 29353]
 [28418 29353]
 [28417 29354]
 [28418 29354]
 [29352 29358]
 [29352 29359]
 [29352 29360]
 [29352 29361]
 [29353 29358]
 [29353 29359]
 [29353 29360]
 [29353 29361]
 [29354 29358]
 [29354 29359]
 [29354 29360]
 [29354 29361]
 [28417 29355]
 [28418 29355]
 [28417 29356]
 [28418 29356]
 [29355 29358]
 [29355 29359]
 [29355 29360]
 [29355 29361]
 [29356 29358]
 [29356 29359]
 [29356 29360]
 [29356 29361]
 [28417 50001]
 [28418 50001]
 [28417 50002]
 [28418 50002]
 [28417 50003]
 [28418 50003]
 [29358 50001]
 [29359 50001]
 [29360 50001]
 [29361 50001]
 [29358 50002]
 [29359 50002]
 [29360 50002]
 [29361 50002]
 [29358 50003]
 [29359 50003]
 [29360 50003]
 [29361 50003]]"
