,chrom,resolution,total_bins_in_chrom,total_bins_with_pls_and_els,min_count,max_count,average_count,median_count,standarddeviation,total_count,list_of_counts,list_of_indexes
0,chr13,2500000,2116,52,1,125,0.10160680529300567,1.0,17.75152089492166,215,"[  1   1   1   1   1   1   1   1   1   1 125  40   1   1   1   1   1   1
   1   1   1   1   1   1   1   1   1   1   1   1   1   1   1   1   1   1
   1   1   1   1   1   1   1   1   1   1   1   1   1   1   1   1]","[[7 7]
 [7 7]
 [7 7]
 [7 7]
 [7 7]
 [7 7]
 [7 7]
 [7 7]
 [7 7]
 [7 7]
 [7 8]
 [7 9]
 [7 7]
 [7 7]
 [7 7]
 [7 7]
 [7 7]
 [7 7]
 [7 7]
 [7 7]
 [7 7]
 [7 7]
 [7 7]
 [7 7]
 [7 7]
 [7 7]
 [7 7]
 [7 7]
 [7 7]
 [7 7]
 [7 7]
 [7 7]
 [7 7]
 [7 7]
 [7 7]
 [7 7]
 [7 7]
 [7 7]
 [7 7]
 [7 7]
 [7 7]
 [7 7]
 [7 7]
 [7 7]
 [7 7]
 [7 7]
 [7 7]
 [7 7]
 [7 7]
 [7 7]
 [7 7]
 [7 7]]"
