,chrom,resolution,total_bins_in_chrom,total_bins_with_pls_and_els,min_count,max_count,average_count,median_count,standarddeviation,total_count,list_of_counts,list_of_indexes
0,chr22,2500000,441,158,1.0,198.0,1.1156462585034013,1.0,18.972323174222577,492.0,"[  1.   1.   1.   1.   1.   1.   1.   1.   1.   1.   1.   1.   1.   1.
   1.   1.   1.   1.   1.   1.   1.   1.   1.   1.   1.   1. 198. 138.
   1.   1.   1.   1.   1.   1.   1.   1.   1.   1.   1.   1.   1.   1.
   1.   1.   1.   1.   1.   1.   1.   1.   1.   1.   1.   1.   1.   1.
   1.   1.   1.   1.   1.   1.   1.   1.   1.   1.   1.   1.   1.   1.
   1.   1.   1.   1.   1.   1.   1.   1.   1.   1.   1.   1.   1.   1.
   1.   1.   1.   1.   1.   1.   1.   1.   1.   1.   1.   1.   1.   1.
   1.   1.   1.   1.   1.   1.   1.   1.   1.   1.   1.   1.   1.   1.
   1.   1.   1.   1.   1.   1.   1.   1.   1.   1.   1.   1.   1.   1.
   1.   1.   1.   1.   1.   1.   1.   1.   1.   1.   1.   1.   1.   1.
   1.   1.   1.   1.   1.   1.   1.   1.   1.   1.   1.   1.   1.   1.
   1.   1.   1.   1.]","[[6 6]
 [6 6]
 [6 6]
 [6 6]
 [6 6]
 [6 6]
 [6 6]
 [6 6]
 [6 6]
 [6 6]
 [6 6]
 [6 6]
 [6 6]
 [6 6]
 [6 6]
 [6 6]
 [6 6]
 [6 6]
 [6 6]
 [6 6]
 [6 6]
 [6 6]
 [6 6]
 [6 6]
 [6 6]
 [6 6]
 [6 7]
 [6 8]
 [6 6]
 [6 6]
 [6 6]
 [6 6]
 [6 6]
 [6 6]
 [6 6]
 [6 6]
 [6 6]
 [6 6]
 [6 6]
 [6 6]
 [6 6]
 [6 6]
 [6 6]
 [6 6]
 [6 6]
 [6 6]
 [6 6]
 [6 6]
 [6 6]
 [6 6]
 [6 6]
 [6 6]
 [6 6]
 [6 6]
 [6 6]
 [6 6]
 [6 6]
 [6 6]
 [6 6]
 [6 6]
 [6 6]
 [6 6]
 [6 6]
 [6 6]
 [6 6]
 [6 6]
 [6 6]
 [6 6]
 [6 6]
 [6 6]
 [6 6]
 [6 6]
 [6 6]
 [6 6]
 [6 6]
 [6 6]
 [6 6]
 [6 6]
 [6 6]
 [6 6]
 [6 6]
 [6 6]
 [6 6]
 [6 6]
 [6 6]
 [6 6]
 [6 6]
 [6 6]
 [6 6]
 [6 6]
 [6 6]
 [6 6]
 [6 6]
 [6 6]
 [6 6]
 [6 6]
 [6 6]
 [6 6]
 [6 6]
 [6 6]
 [6 6]
 [6 6]
 [6 6]
 [6 6]
 [6 6]
 [6 6]
 [6 6]
 [6 6]
 [6 6]
 [6 6]
 [6 6]
 [6 6]
 [6 6]
 [6 6]
 [6 6]
 [6 6]
 [6 6]
 [6 6]
 [6 6]
 [6 6]
 [6 6]
 [6 6]
 [6 6]
 [6 6]
 [6 6]
 [6 6]
 [6 6]
 [6 6]
 [6 6]
 [6 6]
 [6 6]
 [6 6]
 [6 6]
 [6 6]
 [6 6]
 [6 6]
 [6 6]
 [6 6]
 [6 6]
 [6 6]
 [6 6]
 [6 6]
 [6 6]
 [6 6]
 [6 6]
 [6 6]
 [6 6]
 [6 6]
 [6 6]
 [6 6]
 [6 6]
 [6 6]
 [6 6]
 [6 6]
 [6 6]
 [6 6]
 [6 6]
 [6 6]]"
