,chrom,resolution,total_bins_in_chrom,total_bins_with_pls_and_els,min_count,max_count,average_count,median_count,standarddeviation,total_count,list_of_counts,list_of_indexes
0,chr2,250000,938961,37,1,36,0.00041322270041034716,9.0,8.53172655008897,388,"[ 1  1  1  7 17 11 15  2  2  3  2  9  7 15  4  4  6 14 10 16 36 10 10 15
 35  6 24  6  6  9 21 18  6  6  9 21  3]","[[ 0  0]
 [ 0  0]
 [ 0  0]
 [ 0  1]
 [ 0  2]
 [ 0  3]
 [ 0  6]
 [ 0  8]
 [ 0 12]
 [ 0 13]
 [ 1  1]
 [ 1  2]
 [ 1  3]
 [ 1  6]
 [ 1  8]
 [ 1 12]
 [ 1 13]
 [ 1 14]
 [ 2  2]
 [ 2  3]
 [ 2  6]
 [ 2  8]
 [ 2 12]
 [ 2 13]
 [ 2 14]
 [ 3  3]
 [ 3  6]
 [ 3  8]
 [ 3 12]
 [ 3 13]
 [ 3 14]
 [ 6  6]
 [ 6  8]
 [ 6 12]
 [ 6 13]
 [ 6 14]
 [ 6 17]]"
