,chrom,resolution,total_bins_in_chrom,total_bins_with_pls_and_els,min_count,max_count,average_count,median_count,standarddeviation,total_count,list_of_counts,list_of_indexes
0,chr18,100000,646416,124,1,18,0.0007967005767183981,3.0,3.41260555748052,515,"[ 1  1  1  2  2  1  2  1  3  3 11  8  7  2  4  3  1  3  2  2  1  2  1  3
  1  6  5  5  6 10  7  6  5  9  3 18 15 15  3  2  2  1  2  1  3  1  6  5
  5  4  6  4  4  6  2 12 10 10  6  4  4  2  4  2  6  2 12 10 10  2  4  3
  6  2 12 10 10  8  2  2  8  3  2  2  1  2  1  3  1  6  5  5  4  1  1  4
  3  2  2  1  2  1  3  1  6  5  5  4  1  1  4  1  2  1  3  1  6  5  5  4
  1  1  4  1]","[[ 1  2]
 [ 1  2]
 [ 1  2]
 [ 1  6]
 [ 1  8]
 [ 1 25]
 [ 1 29]
 [ 1 30]
 [ 1 32]
 [ 2  2]
 [ 2  6]
 [ 2  8]
 [ 2 25]
 [ 2 29]
 [ 2 30]
 [ 2 32]
 [ 2 33]
 [ 2  5]
 [ 5  6]
 [ 5  8]
 [ 5 25]
 [ 5 29]
 [ 5 30]
 [ 5 32]
 [ 5 33]
 [ 5 34]
 [ 5 35]
 [ 5 36]
 [ 6  6]
 [ 6  8]
 [ 6 25]
 [ 6 29]
 [ 6 30]
 [ 6 32]
 [ 6 33]
 [ 6 34]
 [ 6 35]
 [ 6 36]
 [ 2  7]
 [ 6  7]
 [ 7  8]
 [ 7 25]
 [ 7 29]
 [ 7 30]
 [ 7 32]
 [ 7 33]
 [ 7 34]
 [ 7 35]
 [ 7 36]
 [ 8  8]
 [ 8 25]
 [ 8 29]
 [ 8 30]
 [ 8 32]
 [ 8 33]
 [ 8 34]
 [ 8 35]
 [ 8 36]
 [ 2  9]
 [ 6  9]
 [ 8  9]
 [ 9 25]
 [ 9 29]
 [ 9 30]
 [ 9 32]
 [ 9 33]
 [ 9 34]
 [ 9 35]
 [ 9 36]
 [25 25]
 [25 29]
 [25 30]
 [25 32]
 [25 33]
 [25 34]
 [25 35]
 [25 36]
 [25 41]
 [25 44]
 [25 51]
 [25 52]
 [ 2 26]
 [ 6 26]
 [ 8 26]
 [25 26]
 [26 29]
 [26 30]
 [26 32]
 [26 33]
 [26 34]
 [26 35]
 [26 36]
 [26 41]
 [26 44]
 [26 51]
 [26 52]
 [ 2 28]
 [ 6 28]
 [ 8 28]
 [25 28]
 [28 29]
 [28 30]
 [28 32]
 [28 33]
 [28 34]
 [28 35]
 [28 36]
 [28 41]
 [28 44]
 [28 51]
 [28 52]
 [28 58]
 [29 30]
 [30 30]
 [30 32]
 [30 33]
 [30 34]
 [30 35]
 [30 36]
 [30 41]
 [30 44]
 [30 51]
 [30 52]
 [30 58]]"
