,chrom,resolution,total_bins_in_chrom,total_bins_with_pls_and_els,min_count,max_count,average_count,median_count,standarddeviation,total_count,list_of_counts,list_of_indexes
0,chr4,50000,14478025,608,1,17,0.00014228460028215174,2.0,2.712784891915703,2060,"[ 1  1  3  7  6  9  7  3  6  1  8  4  4  4  1  1  5  4  4  5  5  2  1  3
  2  1  1  1  4  1  2  2  2  4  1  1  1  2  2  1  3  6  3  9  6  3  3  3
 12  3  6  6  6 12  3  3  3  6  6  3  9  2  1  3  2  1  1  1  4  1  2  2
  2  4  1  1  1  2  2  1  3  4  2  6  4  2  2  2  8  2  4  4  4  8  2  2
  2  4  4  2  6  2  1  3  2  1  1  1  4  1  2  2  2  4  1  1  1  2  2  1
  3  4  2  6  4  2  2  2  8  2  4  4  4  8  2  2  2  4  4  2  6  1  5  4
  5  4  2  5  1  5  3  3  4  1  1  3  3  3  3  4  1  1  4  2  6  4  2  2
  2  8  2  4  4  4  8  2  2  2  4  4  2  6  2  2  2  6  3  9  6  3  3  3
 12  3  6  6  6 12  3  3  3  6  6  3  9  3  3  3  2  1  3  2  1  1  1  4
  1  2  2  2  4  1  1  1  2  2  1  3  1  1  1  4  2  6  4  2  2  2  8  2
  4  4  4  8  2  2  2  4  4  2  6  2  2  2  2  6 10 14 11  5 11  2 13  7
  7  8  2  2  8  7  7  8  9  2  2  2  2  4 10  8  4 10  2 10  6  6  8  2
  2  6  6  6  6  8  2  2  2  2  4  7  5 17  4 11  9  9 16  4  4  6  9  9
  6 13  4  4  4  4  2  1  3  2  1  1  1  4  1  2  2  2  4  1  1  1  2  2
  1  3  1  1  1  1  1  2  1  3  2  1  1  1  4  1  2  2  2  4  1  1  1  2
  2  1  3  1  1  1  1  1  3  3  4 13  3  9  7  7 12  3  3  5  7  7  5 10
  3  3  3  3  3  9  1  5  1  5  3  3  4  1  1  3  3  3  3  4  1  1  1  1
  1  3  4  1 14  6  6  4  1  1  9  6  6  9  7  1  1  1  1  1  3  3  6  8
  8 12  3  3  7  8  8  7 11  3  3  3  3  3  9  2  1  3  2  1  1  1  4  1
  2  2  2  4  1  1  1  2  2  1  3  1  1  1  1  1  3  2  1  3  2  1  1  1
  4  1  2  2  2  4  1  1  1  2  2  1  3  1  1  1  1  1  3  1  2  4  4  1
  1  5  4  4  5  5  1  1  1  1  1  3  1  2  4  1  1  5  4  4  5  5  1  1
  1  1  1  3  2  8  2  2  2  5  5  4  7  2  2  2  2  2  6  4  1  4  1  1
  2  4  5  5  1  1  1  1  1  3  2  1  4  1  1  2  5  5  1  1  1  1  1  3
  2  1  1  2  8  2  2  2  7  2  2  2  2  2  6  4  2  2  1  4  1  1  3  1
  1  1  1  1  3  2  1  1]","[[  2   2]
 [  2   2]
 [  2  18]
 ...
 [ 61 115]
 [ 61 118]
 [ 61 119]]"
