,chrom,resolution,total_bins_in_chrom,total_bins_with_pls_and_els,min_count,max_count,average_count,median_count,standarddeviation,total_count,list_of_counts,list_of_indexes
0,chr13,250000,209764,95,1,50,0.0034514978738010337,4.0,10.212663910808221,724,"[ 1  1  1  1  1  1  1  1  1  1  1  2  3  5  5  5  3  1  2 40 14  8 22 40
 50 50 32  4  8  1  2  4  7  8  8  5  1  2  2  2  3 11 14 14  9  1  2  2
  1  4 10 25 25 16  2  4  4  2  6 15 30 19  3  6  6  3  6 15 19  3  6  6
  3  9  4  6  2  4  4  2  6 10  1  2  3  5  5  5  3  1  2  2  1  3  2]","[[ 78  79]
 [ 78  79]
 [ 78  79]
 [ 78  79]
 [ 78  79]
 [ 78  79]
 [ 78  79]
 [ 78  79]
 [ 78  79]
 [ 78  79]
 [ 78  80]
 [ 78  81]
 [ 78  82]
 [ 78  83]
 [ 78  84]
 [ 78  85]
 [ 78  86]
 [ 78  87]
 [ 78  91]
 [ 79  79]
 [ 79  80]
 [ 79  81]
 [ 79  82]
 [ 79  83]
 [ 79  84]
 [ 79  85]
 [ 79  86]
 [ 79  87]
 [ 79  91]
 [ 80  80]
 [ 80  81]
 [ 80  82]
 [ 80  83]
 [ 80  84]
 [ 80  85]
 [ 80  86]
 [ 80  87]
 [ 80  91]
 [ 80  93]
 [ 81  82]
 [ 82  82]
 [ 82  83]
 [ 82  84]
 [ 82  85]
 [ 82  86]
 [ 82  87]
 [ 82  91]
 [ 82  93]
 [ 82  94]
 [ 81  83]
 [ 83  83]
 [ 83  84]
 [ 83  85]
 [ 83  86]
 [ 83  87]
 [ 83  91]
 [ 83  93]
 [ 83  94]
 [ 81  84]
 [ 84  84]
 [ 84  85]
 [ 84  86]
 [ 84  87]
 [ 84  91]
 [ 84  93]
 [ 84  94]
 [ 81  85]
 [ 85  85]
 [ 85  86]
 [ 85  87]
 [ 85  91]
 [ 85  93]
 [ 85  94]
 [ 85  98]
 [ 81  86]
 [ 86  86]
 [ 86  87]
 [ 86  91]
 [ 86  93]
 [ 86  94]
 [ 86  98]
 [ 79  88]
 [ 80  88]
 [ 81  88]
 [ 82  88]
 [ 83  88]
 [ 84  88]
 [ 85  88]
 [ 86  88]
 [ 87  88]
 [ 88  91]
 [ 88  93]
 [ 88  94]
 [ 88  98]
 [ 88 101]]"
