,chrom,resolution,total_bins_in_chrom,total_bins_with_pls_and_els,min_count,max_count,average_count,median_count,standarddeviation,total_count,list_of_counts,list_of_indexes
0,chr5,100000,3297856,180,1,27,0.0002665368045178443,3.0,4.686001612367532,879,"[ 1  1  4  3  3  1  2  4  9  6  3  5  6  3  3  6  3  3  3  3  6 21  9  6
  9 18  2  4  6  6  2  4  8 18 12  6 10 12  2  2  4  2  3  6 16  9  5  8
 12  1  1  2  1  1  1  1  2  7  3  2  3  6  2  2  2  3  6 16  9  5  8 12
  1  1  2  1  1  1  1  2  7  3  2  3  6  1  1  1  4  9  6  3  5  6  1  1
  2  1  1  1  1  2  7  3  2  3  6  2  2  4 18 12  6 10 12  1  1  2  1  1
  1  1  2  7  3  2  3  6  2  2 14 27 11 20 12  1  1  2  1  1  1  1  2  7
  3  2  3  6  2  2  4  2  2  2  2  4 14  6  4  6 12  3  3  9  9 15 18  1
  1  2  7  6  1  2  2  6 12  2  6  2]","[[ 0  0]
 [ 0  3]
 [ 0  4]
 [ 0  6]
 [ 0  8]
 [ 0  9]
 [ 0 11]
 [ 0 13]
 [ 0 15]
 [ 0 18]
 [ 0 19]
 [ 0 27]
 [ 0 31]
 [ 0  2]
 [ 2  3]
 [ 2  4]
 [ 2  6]
 [ 2  8]
 [ 2  9]
 [ 2 11]
 [ 2 13]
 [ 2 15]
 [ 2 18]
 [ 2 19]
 [ 2 27]
 [ 2 31]
 [ 3  4]
 [ 4  4]
 [ 4  6]
 [ 4  8]
 [ 4  9]
 [ 4 11]
 [ 4 13]
 [ 4 15]
 [ 4 18]
 [ 4 19]
 [ 4 27]
 [ 4 31]
 [ 3  6]
 [ 6  6]
 [ 6  8]
 [ 6  9]
 [ 6 11]
 [ 6 13]
 [ 6 15]
 [ 6 18]
 [ 6 19]
 [ 6 27]
 [ 6 31]
 [ 0  7]
 [ 3  7]
 [ 4  7]
 [ 6  7]
 [ 7  8]
 [ 7  9]
 [ 7 11]
 [ 7 13]
 [ 7 15]
 [ 7 18]
 [ 7 19]
 [ 7 27]
 [ 7 31]
 [ 3  8]
 [ 8  8]
 [ 8  9]
 [ 8 11]
 [ 8 13]
 [ 8 15]
 [ 8 18]
 [ 8 19]
 [ 8 27]
 [ 8 31]
 [ 0 10]
 [ 3 10]
 [ 4 10]
 [ 6 10]
 [ 8 10]
 [ 9 10]
 [10 11]
 [10 13]
 [10 15]
 [10 18]
 [10 19]
 [10 27]
 [10 31]
 [ 3 11]
 [ 9 11]
 [11 11]
 [11 13]
 [11 15]
 [11 18]
 [11 19]
 [11 27]
 [11 31]
 [ 0 12]
 [ 3 12]
 [ 4 12]
 [ 6 12]
 [ 8 12]
 [ 9 12]
 [11 12]
 [12 13]
 [12 15]
 [12 18]
 [12 19]
 [12 27]
 [12 31]
 [ 3 13]
 [ 9 13]
 [13 13]
 [13 15]
 [13 18]
 [13 19]
 [13 27]
 [13 31]
 [ 0 14]
 [ 3 14]
 [ 4 14]
 [ 6 14]
 [ 8 14]
 [ 9 14]
 [11 14]
 [13 14]
 [14 15]
 [14 18]
 [14 19]
 [14 27]
 [14 31]
 [ 3 15]
 [ 9 15]
 [15 15]
 [15 18]
 [15 19]
 [15 27]
 [15 31]
 [ 0 16]
 [ 3 16]
 [ 4 16]
 [ 6 16]
 [ 8 16]
 [ 9 16]
 [11 16]
 [13 16]
 [15 16]
 [16 18]
 [16 19]
 [16 27]
 [16 31]
 [ 0 17]
 [ 3 17]
 [ 4 17]
 [ 6 17]
 [ 8 17]
 [ 9 17]
 [11 17]
 [13 17]
 [15 17]
 [17 18]
 [17 19]
 [17 27]
 [17 31]
 [ 3 18]
 [ 9 18]
 [18 18]
 [18 19]
 [18 27]
 [18 31]
 [ 3 19]
 [ 9 19]
 [19 19]
 [19 27]
 [19 31]
 [19 50]
 [ 3 27]
 [ 9 27]
 [27 27]
 [27 31]
 [27 50]
 [27 51]
 [27 53]]"
