,chrom,resolution,total_bins_in_chrom,total_bins_with_pls_and_els,min_count,max_count,average_count,median_count,standarddeviation,total_count,list_of_counts,list_of_indexes
0,chr6,10000,291760561,584,1,12,4.003282678086159e-06,1.0,1.6207135245832693,1168,"[ 1  2  2  2  4  5  3  2  2  2  4  9  4  2  2  4  6  9  2  1  1  1  1  1
  2  2  1  1  1  1  2  4  1  1  1  2  3  4  1  1  1  2  2  2  2  4  4  2
  2  2  2  4  8  2  2  2  4  6  8  2  2  2  2  1  1  1  1  2  2  1  1  1
  1  2  4  1  1  1  2  3  4  1  1  1  1  1  2  2  2  2  4  4  2  2  2  2
  4  8  2  2  2  4  6  8  2  2  2  2  2  1  1  1  1  2  2  1  1  1  1  2
  4  1  1  1  2  3  4  1  1  1  1  1  1  1  1  1  2  2  1  1  1  1  2  4
  1  1  1  2  3  4  1  1  1  1  1  1  1  1  1  2  2  1  1  1  1  2  4  1
  1  1  2  3  4  1  1  1  1  1  3  1  1  1  1  1  1  1  2  2  1  1  1  1
  2  4  1  1  1  2  3  4  1  1  1  1  1  3  1  1  1  1  1  1  1  2  2  3
  1  1  1  2  6  5  1  1  2  3  6  1  1  1  1  1  3  1  1  1  1  1  1  1
  1  2  1  1  1  1  2  5  3  1  1  2  3  5  1  1  1  1  1  3  1  1  1  1
  1  1  1  1  1  1  2  2  1  1  1  1  2  4  1  1  1  2  3  4  1  1  1  1
  1  3  1  1  1  1  1  1  1  1  1  1  2  2  1  1  1  1  2  4  1  1  1  2
  3  4  1  1  1  1  1  3  1  1  1  1  1  1  1  1  1  2  1  1  1  2  4  9
  1  1  2  3  8  1  1  1  1  1  3  1  1  1  1  1  1  2  2  2  4  2  2  2
  4  2  2  2  4  6  9  2  2  2  2  2  6  2  2  2  2  2  2  1  1  1  1  2
  2  1  1  1  1  2  4  1  1  1  2  3  4  1  1  1  1  1  3  1  1  1  1  1
  1  3  3  3  3  6  6  3  3  3  3  6 12  3  3  3  6  9 12  3  3  3  3  3
  9  3  3  3  3  3  3  2  2  2  2  4  4  2  2  2  2  4  8  2  2  2  4  6
  8  2  2  2  2  2  6  2  2  2  2  2  2  1  1  1  1  2  2  1  1  1  1  2
  4  1  1  1  2  3  4  1  1  1  1  1  3  1  1  1  1  1  1  1  1  1  2  1
  1  1  2  1  1  2  3  4  1  1  1  1  1  3  1  1  1  1  1  1  1  1  1  1
  2  2  1  1  1  1  2  4  1  1  1  2  3  4  1  1  1  1  1  3  1  1  1  1
  1  1  1  1  1  1  2  2  1  1  1  1  2  4  1  1  1  2  3  4  1  1  1  1
  1  3  1  1  1  1  1  1]","[[ 29  29]
 [ 29  55]
 [ 29  65]
 ...
 [325 526]
 [325 567]
 [325 585]]"
