,chrom,resolution,total_bins_in_chrom,total_bins_with_pls_and_els,min_count,max_count,average_count,median_count,standarddeviation,total_count,list_of_counts,list_of_indexes
0,chr15,5000,416119201,134,1,9,6.079988604034641e-07,1.0,1.3749379783091769,253,"[1 2 1 1 1 2 1 1 1 2 1 2 1 1 1 2 1 1 1 2 1 2 1 1 1 2 1 1 1 2 1 2 1 1 1 2 1
 1 1 2 3 2 2 2 1 2 1 1 1 2 1 1 1 2 3 2 2 2 1 1 1 2 1 1 1 2 1 1 1 2 3 2 2 2
 1 1 1 2 1 1 3 4 7 1 1 2 3 2 2 2 1 1 1 1 1 1 1 1 1 3 2 4 7 1 1 1 2 1 2 3 3
 2 2 2 2 2 2 1 1 1 1 3 3 3 3 3 3 6 9 6 6 6 3 3]","[[4567 4574]
 [4567 4971]
 [4567 4972]
 [4567 4979]
 [4567 4990]
 [4567 4991]
 [4567 5087]
 [4567 5096]
 [4567 5133]
 [4567 5134]
 [4574 4596]
 [4596 4971]
 [4596 4972]
 [4596 4979]
 [4596 4990]
 [4596 4991]
 [4596 5087]
 [4596 5096]
 [4596 5133]
 [4596 5134]
 [4574 4607]
 [4607 4971]
 [4607 4972]
 [4607 4979]
 [4607 4990]
 [4607 4991]
 [4607 5087]
 [4607 5096]
 [4607 5133]
 [4607 5134]
 [4574 4737]
 [4737 4971]
 [4737 4972]
 [4737 4979]
 [4737 4990]
 [4737 4991]
 [4737 5087]
 [4737 5096]
 [4737 5133]
 [4737 5134]
 [4737 5216]
 [4737 5247]
 [4737 5248]
 [4737 5338]
 [4574 4964]
 [4964 4971]
 [4964 4972]
 [4964 4979]
 [4964 4990]
 [4964 4991]
 [4964 5087]
 [4964 5096]
 [4964 5133]
 [4964 5134]
 [4964 5216]
 [4964 5247]
 [4964 5248]
 [4964 5338]
 [4964 5353]
 [4964 5414]
 [4574 4969]
 [4969 4971]
 [4969 4972]
 [4969 4979]
 [4969 4990]
 [4969 4991]
 [4969 5087]
 [4969 5096]
 [4969 5133]
 [4969 5134]
 [4969 5216]
 [4969 5247]
 [4969 5248]
 [4969 5338]
 [4969 5353]
 [4969 5414]
 [4574 4971]
 [4971 4971]
 [4971 4972]
 [4971 4979]
 [4971 4990]
 [4971 4991]
 [4971 5087]
 [4971 5096]
 [4971 5133]
 [4971 5134]
 [4971 5216]
 [4971 5247]
 [4971 5248]
 [4971 5338]
 [4971 5353]
 [4971 5414]
 [4574 4990]
 [4574 4991]
 [4972 4990]
 [4972 4991]
 [4979 4990]
 [4979 4991]
 [4990 4990]
 [4990 4991]
 [4991 4991]
 [4990 5087]
 [4991 5087]
 [4990 5096]
 [4991 5096]
 [4990 5133]
 [4990 5134]
 [4991 5133]
 [4991 5134]
 [4990 5216]
 [4991 5216]
 [4990 5247]
 [4991 5247]
 [4990 5248]
 [4991 5248]
 [4990 5338]
 [4991 5338]
 [4990 5353]
 [4991 5353]
 [4990 5414]
 [4991 5414]
 [4574 5087]
 [4972 5087]
 [4979 5087]
 [5087 5087]
 [5087 5096]
 [5087 5133]
 [5087 5134]
 [5087 5216]
 [5087 5247]
 [5087 5248]
 [5087 5338]
 [5087 5353]
 [5087 5414]]"
