,chrom,resolution,total_bins_in_chrom,total_bins_with_pls_and_els,min_count,max_count,average_count,median_count,standarddeviation,total_count,list_of_counts,list_of_indexes
0,chr12,1000000,17956,98,1,690,0.1032523947427044,1.0,80.12677117267944,1854,"[  1   1   1   1   1   1   1  74 262  12 216   1   1   1   1   1   1   1
   1   1   1   1   1   1   1   1   1   1   1   1   1   1   1   1   1   1
   1   1   1   1   1   1   1   1   1   1   1   1   1   1   1   1   1   1
   1   1   1   1   1   1   1   1   1   1   1   1   1   1   1   1   1   1
   1   1   1   1   1   1   1   1   1   1   1   1   1   1   1   1  10  82
   2  36   6 160  10 180  30 690]","[[0 0]
 [0 0]
 [0 0]
 [0 0]
 [0 0]
 [0 0]
 [0 0]
 [0 1]
 [0 2]
 [0 3]
 [0 4]
 [0 0]
 [0 0]
 [0 0]
 [0 0]
 [0 0]
 [0 0]
 [0 0]
 [0 0]
 [0 0]
 [0 0]
 [0 0]
 [0 0]
 [0 0]
 [0 0]
 [0 0]
 [0 0]
 [0 0]
 [0 0]
 [0 0]
 [0 0]
 [0 0]
 [0 0]
 [0 0]
 [0 0]
 [0 0]
 [0 0]
 [0 0]
 [0 0]
 [0 0]
 [0 0]
 [0 0]
 [0 0]
 [0 0]
 [0 0]
 [0 0]
 [0 0]
 [0 0]
 [0 0]
 [0 0]
 [0 0]
 [0 0]
 [0 0]
 [0 0]
 [0 0]
 [0 0]
 [0 0]
 [0 0]
 [0 0]
 [0 0]
 [0 0]
 [0 0]
 [0 0]
 [0 0]
 [0 0]
 [0 0]
 [0 0]
 [0 0]
 [0 0]
 [0 0]
 [0 0]
 [0 0]
 [0 0]
 [0 0]
 [0 0]
 [0 0]
 [0 0]
 [0 0]
 [0 0]
 [0 0]
 [0 0]
 [0 0]
 [0 0]
 [0 0]
 [0 0]
 [0 0]
 [0 0]
 [0 0]
 [1 1]
 [1 2]
 [1 3]
 [1 4]
 [1 5]
 [2 2]
 [2 3]
 [2 4]
 [2 5]
 [2 6]]"
