,chrom,resolution,total_bins_in_chrom,total_bins_with_pls_and_els,min_count,max_count,average_count,median_count,standarddeviation,total_count,list_of_counts,list_of_indexes
0,chr2,25000,93857344,143,1,12,4.1872056383781755e-06,2.0,2.0328371832357592,393,"[ 1  2  2  5  2  1  2  3  2  1  3  2  2  1  5  2  1  2  3  2  1  3  2  1
  1  1  1  2  1  1  1  1  1  1  2  1  2  2  1  1  1  8  4  5  4  5  6  8
  4  9  8  4  4  4  4  4  8  8 12  2  1  1  2  3  2  1  3  2  1  1  1  1
  1  2  2  3  3  2  6  3  3  3  1  3  1  3  3  3  2  6  1  3  3  6  2  6
  1  3  1  3  1  3  1  3  1  3  2  6  2  6  3  9  4  2  2  4  2  5  4  2
  2  2  2  2  4  4  6  2  2  1  2  1  2  2  1  1  1  1  1  2  2  3  1]","[[  1   1]
 [  1   6]
 [  1  10]
 [  1  27]
 [  1  29]
 [  1  30]
 [  1  37]
 [  1  65]
 [  1  67]
 [  1  68]
 [  1  69]
 [  1  80]
 [  6  10]
 [ 10  10]
 [ 10  27]
 [ 10  29]
 [ 10  30]
 [ 10  37]
 [ 10  65]
 [ 10  67]
 [ 10  68]
 [ 10  69]
 [ 10  80]
 [ 10 126]
 [ 10 127]
 [ 10 130]
 [  1  11]
 [  6  11]
 [ 10  11]
 [ 11  27]
 [ 11  29]
 [ 11  30]
 [ 11  37]
 [ 11  65]
 [ 11  67]
 [ 11  68]
 [ 11  69]
 [ 11  80]
 [ 11 126]
 [ 11 127]
 [ 11 130]
 [  6  27]
 [ 27  27]
 [ 27  29]
 [ 27  30]
 [ 27  37]
 [ 27  65]
 [ 27  67]
 [ 27  68]
 [ 27  69]
 [ 27  80]
 [ 27 126]
 [ 27 127]
 [ 27 130]
 [ 27 135]
 [ 27 137]
 [ 27 140]
 [ 27 142]
 [ 27 146]
 [  6  29]
 [ 29  29]
 [ 29  30]
 [ 29  37]
 [ 29  65]
 [ 29  67]
 [ 29  68]
 [ 29  69]
 [ 29  80]
 [ 29 126]
 [ 29 127]
 [ 29 130]
 [ 29 135]
 [ 29 137]
 [ 29 140]
 [ 29 142]
 [ 29 146]
 [  1  38]
 [  6  37]
 [  6  38]
 [ 10  38]
 [ 27  38]
 [ 29  38]
 [ 30  37]
 [ 30  38]
 [ 37  37]
 [ 37  38]
 [ 37  65]
 [ 38  65]
 [ 37  67]
 [ 38  67]
 [ 37  68]
 [ 38  68]
 [ 37  69]
 [ 38  69]
 [ 37  80]
 [ 38  80]
 [ 37 126]
 [ 38 126]
 [ 37 127]
 [ 38 127]
 [ 37 130]
 [ 38 130]
 [ 37 135]
 [ 38 135]
 [ 37 137]
 [ 38 137]
 [ 37 140]
 [ 38 140]
 [ 37 142]
 [ 38 142]
 [ 37 146]
 [ 38 146]
 [  6  65]
 [ 30  65]
 [ 65  65]
 [ 65  67]
 [ 65  68]
 [ 65  69]
 [ 65  80]
 [ 65 126]
 [ 65 127]
 [ 65 130]
 [ 65 135]
 [ 65 137]
 [ 65 140]
 [ 65 142]
 [ 65 146]
 [ 65 175]
 [  6  69]
 [ 30  69]
 [ 67  69]
 [ 68  69]
 [ 69  69]
 [ 69  80]
 [ 69 126]
 [ 69 127]
 [ 69 130]
 [ 69 135]
 [ 69 137]
 [ 69 140]
 [ 69 142]
 [ 69 146]
 [ 69 175]]"
