,chrom,resolution,total_bins_in_chrom,total_bins_with_pls_and_els,min_count,max_count,average_count,median_count,standarddeviation,total_count,list_of_counts,list_of_indexes
0,chr15,500000,41616,30,1,29,0.005863129565551711,6.0,8.309566107137538,244,"[ 1 18  7  4 14  1  1  7  2  2  7  3  1  7  2  2  7  3  1 28 29  8 28 12
  4  6  6 21  9  3]","[[45 45]
 [45 49]
 [45 50]
 [45 51]
 [45 52]
 [45 45]
 [45 46]
 [46 49]
 [46 50]
 [46 51]
 [46 52]
 [46 53]
 [45 47]
 [47 49]
 [47 50]
 [47 51]
 [47 52]
 [47 53]
 [47 54]
 [49 49]
 [49 50]
 [49 51]
 [49 52]
 [49 53]
 [49 54]
 [50 50]
 [50 51]
 [50 52]
 [50 53]
 [50 54]]"
