,chrom,resolution,total_bins_in_chrom,total_bins_with_pls_and_els,min_count,max_count,average_count,median_count,standarddeviation,total_count,list_of_counts,list_of_indexes
0,chr3,50000,15729156,61,1,12,1.1634444975941494e-05,2.0,2.5350008891905187,183,"[ 1  1  2  4  2  2  8  2  1  3  1  1  6  2  1  1  2  1  1  4  1  1  2  1
  1  8  3  1  2  4  2  2  8  2  2  2  2  8  6  2  3  6  3  3 12  3  3  3
  1  1  1  1  1  3  6  3  3 12  3  3  3]","[[  3  62]
 [ 10  62]
 [ 41  62]
 [ 41  75]
 [ 41  76]
 [ 41  81]
 [ 41  89]
 [ 41 102]
 [ 62  62]
 [ 62  75]
 [ 62  76]
 [ 62  81]
 [ 62  89]
 [ 62 102]
 [ 62 104]
 [ 62  63]
 [ 63  75]
 [ 63  76]
 [ 63  81]
 [ 63  89]
 [ 63 102]
 [ 63 104]
 [ 75  75]
 [ 75  76]
 [ 75  81]
 [ 75  89]
 [ 75 102]
 [ 75 104]
 [ 62  86]
 [ 75  86]
 [ 76  86]
 [ 81  86]
 [ 86  89]
 [ 86 102]
 [ 86 104]
 [ 76  89]
 [ 81  89]
 [ 89  89]
 [ 89 102]
 [ 89 104]
 [ 62  99]
 [ 75  99]
 [ 76  99]
 [ 81  99]
 [ 89  99]
 [ 99 102]
 [ 99 104]
 [ 99 153]
 [ 76 102]
 [ 81 102]
 [102 102]
 [102 104]
 [102 153]
 [ 62 103]
 [ 75 103]
 [ 76 103]
 [ 81 103]
 [ 89 103]
 [102 103]
 [103 104]
 [103 153]]"
