,chrom,resolution,total_bins_in_chrom,total_bins_with_pls_and_els,min_count,max_count,average_count,median_count,standarddeviation,total_count,list_of_counts,list_of_indexes
0,chr21,250000,34969,54,1.0,12.0,0.003660384912350939,2.0,1.936934350369316,128.0,"[ 1.  1.  1.  1.  1.  1.  2.  1.  4.  2.  2.  2.  2.  4.  2.  4.  2.  2.
  2.  2.  4.  2.  6.  2.  1.  1.  1.  1.  2.  1.  3.  6.  1.  4.  2.  2.
  2.  2.  4.  2.  6. 12.  2.  2.  1.  1.  1.  1.  2.  1.  3.  6.  1.  1.]","[[55 57]
 [55 57]
 [55 58]
 [55 59]
 [55 61]
 [55 63]
 [55 65]
 [55 68]
 [56 57]
 [56 58]
 [56 59]
 [56 61]
 [56 63]
 [56 65]
 [56 68]
 [57 57]
 [57 58]
 [57 59]
 [57 61]
 [57 63]
 [57 65]
 [57 68]
 [57 70]
 [57 60]
 [58 60]
 [59 60]
 [60 61]
 [60 63]
 [60 65]
 [60 68]
 [60 70]
 [60 71]
 [60 72]
 [57 62]
 [58 62]
 [59 62]
 [61 62]
 [62 63]
 [62 65]
 [62 68]
 [62 70]
 [62 71]
 [62 72]
 [57 66]
 [58 66]
 [59 66]
 [61 66]
 [63 66]
 [65 66]
 [66 68]
 [66 70]
 [66 71]
 [66 72]
 [66 76]]"
