,chrom,resolution,total_bins_in_chrom,total_bins_with_pls_and_els,min_count,max_count,average_count,median_count,standarddeviation,total_count,list_of_counts,list_of_indexes
0,chr12,250000,285156,95,1,84,0.00390312670959054,5.0,16.291207288075583,1113,"[ 1  1  1  4  2  1  2  4  2 10  1 12 16  8  4  8 16  8 40  4  6 23  4  2
 10 14  4 41  5 20 10  5 18 28 10 78  9 60  4  2  4 12  4 34  4 24  4  8
  4  2  8  4 48  6 24  4  8  2  4  3  4  2  1  2  4  2 10  1 12  2  4  1
  2 14  7 14 70 17 84 14 28  7 14 42  2  1  2  1 12  2  4  1  2  6 13]","[[ 0  2]
 [ 0  2]
 [ 0  2]
 [ 0  3]
 [ 0  4]
 [ 0  5]
 [ 0  6]
 [ 0  8]
 [ 0  9]
 [ 0 11]
 [ 0 12]
 [ 1  2]
 [ 1  3]
 [ 1  4]
 [ 1  5]
 [ 1  6]
 [ 1  8]
 [ 1  9]
 [ 1 11]
 [ 1 12]
 [ 2  2]
 [ 2  3]
 [ 2  4]
 [ 2  5]
 [ 2  6]
 [ 2  8]
 [ 2  9]
 [ 2 11]
 [ 2 12]
 [ 3  3]
 [ 3  4]
 [ 3  5]
 [ 3  6]
 [ 3  8]
 [ 3  9]
 [ 3 11]
 [ 3 12]
 [ 3 16]
 [ 4  6]
 [ 5  6]
 [ 6  6]
 [ 6  8]
 [ 6  9]
 [ 6 11]
 [ 6 12]
 [ 6 16]
 [ 6 17]
 [ 6 18]
 [ 4  8]
 [ 5  8]
 [ 8  8]
 [ 8  9]
 [ 8 11]
 [ 8 12]
 [ 8 16]
 [ 8 17]
 [ 8 18]
 [ 8 20]
 [ 8 21]
 [ 2 10]
 [ 3 10]
 [ 4 10]
 [ 5 10]
 [ 6 10]
 [ 8 10]
 [ 9 10]
 [10 11]
 [10 12]
 [10 16]
 [10 17]
 [10 18]
 [10 20]
 [10 21]
 [ 4 11]
 [ 5 11]
 [ 9 11]
 [11 11]
 [11 12]
 [11 16]
 [11 17]
 [11 18]
 [11 20]
 [11 21]
 [11 24]
 [ 4 12]
 [ 5 12]
 [ 9 12]
 [12 12]
 [12 16]
 [12 17]
 [12 18]
 [12 20]
 [12 21]
 [12 24]
 [12 25]]"
