,chrom,resolution,total_bins_in_chrom,total_bins_with_pls_and_els,min_count,max_count,average_count,median_count,standarddeviation,total_count,list_of_counts,list_of_indexes
0,chr2,100000,5866084,78,1,16,6.290397478113167e-05,4.0,3.330792917544721,369,"[ 1  2  3  5  3  4  5  4  2  2  4  2  6  5  5  8  7  4  4  2  2  8  4  9
  7 14 13  8  8  4  4  4 16 12  2  2  7  7  5  2  2  1  1  1  4  3  6  3
 11 10  6  6  3  3  3 12  9  4  6  9  4  4  2  2  2  8  6  2  2  3  2  2
  1  1  1  4  3  1]","[[ 0  0]
 [ 0  1]
 [ 0  2]
 [ 0  6]
 [ 0  7]
 [ 0  9]
 [ 0 16]
 [ 0 17]
 [ 0 20]
 [ 0 31]
 [ 1  2]
 [ 2  2]
 [ 2  6]
 [ 2  7]
 [ 2  9]
 [ 2 16]
 [ 2 17]
 [ 2 20]
 [ 2 31]
 [ 2 32]
 [ 2 33]
 [ 1  6]
 [ 6  6]
 [ 6  7]
 [ 6  9]
 [ 6 16]
 [ 6 17]
 [ 6 20]
 [ 6 31]
 [ 6 32]
 [ 6 33]
 [ 6 34]
 [ 6 35]
 [ 6 36]
 [ 1  7]
 [ 7  7]
 [ 7  9]
 [ 7 16]
 [ 7 17]
 [ 7 20]
 [ 7 31]
 [ 7 32]
 [ 7 33]
 [ 7 34]
 [ 7 35]
 [ 7 36]
 [ 1  9]
 [ 9  9]
 [ 9 16]
 [ 9 17]
 [ 9 20]
 [ 9 31]
 [ 9 32]
 [ 9 33]
 [ 9 34]
 [ 9 35]
 [ 9 36]
 [ 1 16]
 [16 16]
 [16 17]
 [16 20]
 [16 31]
 [16 32]
 [16 33]
 [16 34]
 [16 35]
 [16 36]
 [16 43]
 [ 1 17]
 [17 17]
 [17 20]
 [17 31]
 [17 32]
 [17 33]
 [17 34]
 [17 35]
 [17 36]
 [17 43]]"
