,chrom,resolution,total_bins_in_chrom,total_bins_with_pls_and_els,min_count,max_count,average_count,median_count,standarddeviation,total_count,list_of_counts,list_of_indexes
0,chr5,1000,32956408521,881,1,6,4.1418348092457186e-08,1.0,0.8773231890387816,1365,"[1 1 1 1 1 1 1 1 1 1 1 1 1 1 1 1 1 1 2 2 1 1 1 1 1 1 2 2 2 2 1 1 1 1 1 3 1
 3 1 1 2 2 3 3 1 2 1 1 2 2 1 2 1 1 2 2 1 2 1 2 1 2 2 4 1 2 1 1 2 2 2 4 2 4
 1 2 1 2 1 3 2 6 1 2 2 4 3 6 2 4 3 6 1 2 1 2 1 1 1 1 1 1 1 1 1 2 1 1 1 2 2
 1 1 1 3 1 2 3 2 3 1 1 2 2 2 2 2 2 2 2 2 4 2 2 2 4 4 2 2 2 6 2 4 6 4 6 2 2
 1 1 1 1 1 1 1 1 1 2 1 1 1 2 2 1 1 1 3 1 2 3 2 3 1 1 1 1 1 1 1 1 1 1 1 2 1
 1 1 2 2 1 1 1 3 1 2 3 2 3 1 1 1 1 1 1 1 1 1 1 1 2 1 1 1 2 2 1 1 1 3 1 2 3
 2 3 1 1 1 1 1 1 1 1 1 1 1 2 1 1 1 2 2 1 1 1 3 1 2 3 2 3 1 1 2 2 2 2 2 2 2
 2 2 4 2 2 2 4 4 2 2 2 6 2 4 6 4 6 2 2 1 1 1 1 1 1 1 1 1 2 1 1 1 2 2 1 1 1
 3 1 2 3 2 3 1 1 1 1 1 1 1 1 1 1 1 1 1 1 1 1 1 1 1 1 2 2 1 1 1 1 1 1 2 2 2
 2 1 1 1 1 1 3 1 3 1 1 2 2 3 3 2 2 3 3 1 1 1 1 1 1 1 1 1 1 1 1 1 1 1 1 1 1
 1 1 1 1 2 2 1 1 1 1 1 1 2 2 2 2 1 1 1 1 1 3 1 3 1 1 2 2 3 3 2 2 3 3 1 1 1
 1 1 1 1 1 1 1 1 1 1 1 1 1 1 1 1 1 1 1 2 2 1 1 1 1 1 1 2 2 2 2 1 1 1 1 1 3
 1 3 1 1 2 2 3 3 2 2 3 3 1 1 1 1 1 1 1 1 1 1 1 1 1 2 1 1 1 2 2 1 1 1 3 1 2
 3 2 3 1 1 1 1 1 1 1 1 1 1 1 2 1 1 1 2 2 1 1 1 3 1 2 3 2 3 1 1 1 1 1 1 1 1
 1 1 1 1 1 1 1 1 1 1 1 1 2 2 1 1 1 1 1 1 2 2 2 2 1 1 1 1 1 3 2 4 1 1 2 2 3
 3 2 2 3 3 1 1 1 1 1 1 1 1 1 1 1 1 1 2 1 1 1 2 2 1 1 1 3 1 2 3 2 3 1 1 1 1
 1 1 1 1 1 1 1 1 1 1 1 1 1 1 1 1 2 2 1 1 1 1 1 1 2 2 2 2 1 1 1 1 1 3 1 3 1
 1 2 2 3 3 2 2 3 3 1 1 1 1 1 1 1 1 1 1 1 1 1 2 1 1 1 2 2 1 1 1 3 1 2 3 2 3
 1 1 1 1 1 1 1 1 1 1 1 1 1 1 1 1 1 1 1 1 2 2 1 1 1 1 1 1 2 2 2 2 1 1 1 1 3
 1 4 1 1 2 2 3 3 2 2 3 3 1 1 1 1 1 1 1 1 1 1 1 1 1 2 1 1 1 2 2 1 3 1 2 3 2
 3 1 1 1 1 1 1 1 1 1 1 1 2 1 1 1 2 2 1 1 1 3 1 2 3 2 3 1 1 1 1 1 1 1 1 1 1
 1 1 1 1 1 1 1 1 1 1 2 2 1 1 1 1 1 1 2 2 2 2 1 1 1 1 1 3 1 3 1 1 2 2 3 3 2
 2 3 3 1 1 1 1 1 1 1 1 1 1 1 1 1 2 1 1 1 2 2 1 1 1 3 1 2 3 2 3 1 1 1 1 2 1
 1 1 1 1 1 1 1 1 1 2 1 1 1 2 2 1 1 1 3 1 2 3 2 3 1 1 1 1 2 1]","[[  82   91]
 [  82   92]
 [  91  399]
 ...
 [2752 5179]
 [2752 5183]
 [2752 5326]]"
