,chrom,resolution,total_bins_in_chrom,total_bins_with_pls_and_els,min_count,max_count,average_count,median_count,standarddeviation,total_count,list_of_counts,list_of_indexes
0,chr12,500000,71289,76,1,152,0.01847409838825064,3.5,30.19602106843965,1317,"[  1   1   1   1   1   1   1  15  10  30  50   5   1   1   1   1   1   1
   1   1   1   1   1   1   1   1   1   1   1   1   1   1   1   1   1   1
   1   1   1   1  49  21  28  56 126  14  98   6   4  16  36   4  28   8
   6   6  12  68   8  28   8   6  24  80  18 112  32  24 152   3   1  14
   4   3  19  50]","[[ 0  1]
 [ 0  1]
 [ 0  1]
 [ 0  1]
 [ 0  1]
 [ 0  1]
 [ 0  1]
 [ 0  2]
 [ 0  3]
 [ 0  4]
 [ 0  5]
 [ 0  6]
 [ 0  1]
 [ 0  1]
 [ 0  1]
 [ 0  1]
 [ 0  1]
 [ 0  1]
 [ 0  1]
 [ 0  1]
 [ 0  1]
 [ 0  1]
 [ 0  1]
 [ 0  1]
 [ 0  1]
 [ 0  1]
 [ 0  1]
 [ 0  1]
 [ 0  1]
 [ 0  1]
 [ 0  1]
 [ 0  1]
 [ 0  1]
 [ 0  1]
 [ 0  1]
 [ 0  1]
 [ 0  1]
 [ 0  1]
 [ 0  1]
 [ 0  1]
 [ 1  1]
 [ 1  2]
 [ 1  3]
 [ 1  4]
 [ 1  5]
 [ 1  6]
 [ 1  8]
 [ 2  3]
 [ 3  3]
 [ 3  4]
 [ 3  5]
 [ 3  6]
 [ 3  8]
 [ 3  9]
 [ 3 10]
 [ 2  4]
 [ 4  4]
 [ 4  5]
 [ 4  6]
 [ 4  8]
 [ 4  9]
 [ 4 10]
 [ 2  5]
 [ 5  5]
 [ 5  6]
 [ 5  8]
 [ 5  9]
 [ 5 10]
 [ 5 12]
 [ 2  6]
 [ 6  6]
 [ 6  8]
 [ 6  9]
 [ 6 10]
 [ 6 12]
 [ 6 13]]"
