,chrom,resolution,total_bins_in_chrom,total_bins_with_pls_and_els,min_count,max_count,average_count,median_count,standarddeviation,total_count,list_of_counts,list_of_indexes
0,chr21,500000,8836,37,1.0,36.0,0.01810774105930285,2.0,6.358879954299508,160.0,"[ 1.  1.  2.  1.  1.  2.  1.  8.  8.  6.  8.  8.  4. 36.  2.  1.  3.  2.
  1.  9.  1.  4.  2.  4.  2. 18.  2.  2.  2.  2.  1.  1.  2.  1.  9.  1.
  1.]","[[27 28]
 [27 28]
 [27 29]
 [27 30]
 [27 31]
 [27 32]
 [27 34]
 [28 28]
 [28 29]
 [28 30]
 [28 31]
 [28 32]
 [28 34]
 [28 35]
 [29 30]
 [30 30]
 [30 31]
 [30 32]
 [30 34]
 [30 35]
 [30 36]
 [29 31]
 [31 31]
 [31 32]
 [31 34]
 [31 35]
 [31 36]
 [31 38]
 [28 33]
 [29 33]
 [30 33]
 [31 33]
 [32 33]
 [33 34]
 [33 35]
 [33 36]
 [33 38]]"
