,chrom,resolution,total_bins_in_chrom,total_bins_with_pls_and_els,min_count,max_count,average_count,median_count,standarddeviation,total_count,list_of_counts,list_of_indexes
0,chr8,2000,5266404900,128,1,8,4.500223672509495e-08,1.0,1.3292963584520008,237,"[1 3 1 1 1 2 1 1 1 1 1 4 2 2 1 1 1 1 3 1 1 1 2 1 1 1 1 1 4 5 2 1 1 1 2 6 2
 2 2 4 2 2 2 2 2 8 4 4 2 2 2 2 6 2 2 2 4 2 2 2 2 2 8 4 4 2 2 2 2 2 1 1 1 1
 2 1 1 1 1 1 4 2 2 1 1 1 1 1 1 3 1 1 1 2 1 1 1 1 1 4 2 2 1 1 1 1 1 1 3 1 1
 1 2 1 1 1 1 1 4 2 2 1 1 1 1 1 1 1]","[[ 203  271]
 [ 203  272]
 [ 203  285]
 [ 203  362]
 [ 203  444]
 [ 203  445]
 [ 203  450]
 [ 203  566]
 [ 203  882]
 [ 203  884]
 [ 203  900]
 [ 203  901]
 [ 203  911]
 [ 203  948]
 [ 203 1442]
 [ 203 1443]
 [ 203 1492]
 [ 271  272]
 [ 272  272]
 [ 272  285]
 [ 272  362]
 [ 272  444]
 [ 272  445]
 [ 272  450]
 [ 272  566]
 [ 272  882]
 [ 272  884]
 [ 272  900]
 [ 272  901]
 [ 272  911]
 [ 272  948]
 [ 272 1442]
 [ 272 1443]
 [ 272 1492]
 [ 271  365]
 [ 272  365]
 [ 285  365]
 [ 362  365]
 [ 365  444]
 [ 365  445]
 [ 365  450]
 [ 365  566]
 [ 365  882]
 [ 365  884]
 [ 365  900]
 [ 365  901]
 [ 365  911]
 [ 365  948]
 [ 365 1442]
 [ 365 1443]
 [ 365 1492]
 [ 271  881]
 [ 272  881]
 [ 285  881]
 [ 362  881]
 [ 444  881]
 [ 445  881]
 [ 450  881]
 [ 566  881]
 [ 881  882]
 [ 881  884]
 [ 881  900]
 [ 881  901]
 [ 881  911]
 [ 881  948]
 [ 881 1442]
 [ 881 1443]
 [ 881 1492]
 [ 881 2032]
 [ 881 2033]
 [ 271  911]
 [ 285  911]
 [ 362  911]
 [ 444  911]
 [ 445  911]
 [ 450  911]
 [ 566  911]
 [ 882  911]
 [ 884  911]
 [ 900  911]
 [ 901  911]
 [ 911  911]
 [ 911  948]
 [ 911 1442]
 [ 911 1443]
 [ 911 1492]
 [ 911 2032]
 [ 911 2033]
 [ 271  986]
 [ 272  986]
 [ 285  986]
 [ 362  986]
 [ 444  986]
 [ 445  986]
 [ 450  986]
 [ 566  986]
 [ 882  986]
 [ 884  986]
 [ 900  986]
 [ 901  986]
 [ 911  986]
 [ 948  986]
 [ 986 1442]
 [ 986 1443]
 [ 986 1492]
 [ 986 2032]
 [ 986 2033]
 [ 271 1311]
 [ 272 1311]
 [ 285 1311]
 [ 362 1311]
 [ 444 1311]
 [ 445 1311]
 [ 450 1311]
 [ 566 1311]
 [ 882 1311]
 [ 884 1311]
 [ 900 1311]
 [ 901 1311]
 [ 911 1311]
 [ 948 1311]
 [1311 1442]
 [1311 1443]
 [1311 1492]
 [1311 2032]
 [1311 2033]
 [1311 2583]
 [1311 2585]]"
