,chrom,resolution,total_bins_in_chrom,total_bins_with_pls_and_els,min_count,max_count,average_count,median_count,standarddeviation,total_count,list_of_counts,list_of_indexes
0,chr2,5000,2346336721,154,1,12,1.6749514103521546e-07,2.0,2.0163043465907173,393,"[ 1  2  2  5  1  1  1  3  2  1  3  2  2  1  5  1  1  1  3  2  1  3  2  1
  1  1  1  2  1  1  1  1  1  1  2  1  2  2  1  1  1  8  4  4  4  4  6  8
  4  9  8  4  4  4  4  4  8  8 12  1  2  1  1  1  1  1  1  2  1  2  2  1
  1  1  1  1  2  2  3  1  3  2  6  1  3  1  3  1  3  1  3  1  3  1  3  2
  6  1  3  2  6  2  6  1  3  1  3  1  3  1  3  1  3  2  6  2  6  3  9  4
  2  2  2  2  4  2  5  4  2  2  2  2  2  4  4  6  2  2  1  1  1  2  1  2
  2  1  1  1  1  1  2  2  3  1]","[[  9   9]
 [  9  30]
 [  9  52]
 [  9 135]
 [  9 145]
 [  9 154]
 [  9 185]
 [  9 325]
 [  9 337]
 [  9 341]
 [  9 348]
 [  9 401]
 [ 30  52]
 [ 52  52]
 [ 52 135]
 [ 52 145]
 [ 52 154]
 [ 52 185]
 [ 52 325]
 [ 52 337]
 [ 52 341]
 [ 52 348]
 [ 52 401]
 [ 52 633]
 [ 52 639]
 [ 52 651]
 [  9  57]
 [ 30  57]
 [ 52  57]
 [ 57 135]
 [ 57 145]
 [ 57 154]
 [ 57 185]
 [ 57 325]
 [ 57 337]
 [ 57 341]
 [ 57 348]
 [ 57 401]
 [ 57 633]
 [ 57 639]
 [ 57 651]
 [ 30 135]
 [135 135]
 [135 145]
 [135 154]
 [135 185]
 [135 325]
 [135 337]
 [135 341]
 [135 348]
 [135 401]
 [135 633]
 [135 639]
 [135 651]
 [135 675]
 [135 688]
 [135 703]
 [135 711]
 [135 730]
 [  9 148]
 [ 30 148]
 [ 52 148]
 [135 148]
 [145 148]
 [148 154]
 [148 185]
 [148 325]
 [148 337]
 [148 341]
 [148 348]
 [148 401]
 [148 633]
 [148 639]
 [148 651]
 [148 675]
 [148 688]
 [148 703]
 [148 711]
 [148 730]
 [  9 189]
 [  9 190]
 [ 30 189]
 [ 30 190]
 [ 52 189]
 [ 52 190]
 [135 189]
 [135 190]
 [145 189]
 [145 190]
 [154 189]
 [154 190]
 [185 189]
 [185 190]
 [189 325]
 [190 325]
 [189 337]
 [190 337]
 [189 341]
 [190 341]
 [189 348]
 [190 348]
 [189 401]
 [190 401]
 [189 633]
 [190 633]
 [189 639]
 [190 639]
 [189 651]
 [190 651]
 [189 675]
 [190 675]
 [189 688]
 [190 688]
 [189 703]
 [190 703]
 [189 711]
 [190 711]
 [189 730]
 [190 730]
 [ 30 325]
 [145 325]
 [154 325]
 [185 325]
 [325 325]
 [325 337]
 [325 341]
 [325 348]
 [325 401]
 [325 633]
 [325 639]
 [325 651]
 [325 675]
 [325 688]
 [325 703]
 [325 711]
 [325 730]
 [325 876]
 [ 30 348]
 [145 348]
 [154 348]
 [185 348]
 [337 348]
 [341 348]
 [348 348]
 [348 401]
 [348 633]
 [348 639]
 [348 651]
 [348 675]
 [348 688]
 [348 703]
 [348 711]
 [348 730]
 [348 876]]"
