,chrom,resolution,total_bins_in_chrom,total_bins_with_pls_and_els,min_count,max_count,average_count,median_count,standarddeviation,total_count,list_of_counts,list_of_indexes
0,chr14,500000,46225,81,1,800,0.16350459707950243,1.0,153.68403067118246,7558,"[  1   1   1   1 180 324 132 368 252 216   1   1   1   1   1   1   1   1
   1   1   1   1   1   1   1   1   1   1   1   1   1   1   1   1   1   1
   1   1   1   1   1   1   1   1   1   1   1   1   1   1   1   1   1   1
  78 327 132 404 126 108 108 330 267 800 315 270 270  45  54 324 126 108
 108  18 480 420 360 360  60  20  20]","[[40 40]
 [40 40]
 [40 40]
 [40 40]
 [40 41]
 [40 42]
 [40 43]
 [40 45]
 [40 46]
 [40 47]
 [40 40]
 [40 40]
 [40 40]
 [40 40]
 [40 40]
 [40 40]
 [40 40]
 [40 40]
 [40 40]
 [40 40]
 [40 40]
 [40 40]
 [40 40]
 [40 40]
 [40 40]
 [40 40]
 [40 40]
 [40 40]
 [40 40]
 [40 40]
 [40 40]
 [40 40]
 [40 40]
 [40 40]
 [40 40]
 [40 40]
 [40 40]
 [40 40]
 [40 40]
 [40 40]
 [40 40]
 [40 40]
 [40 40]
 [40 40]
 [40 40]
 [40 40]
 [40 40]
 [40 40]
 [40 40]
 [40 40]
 [40 40]
 [40 40]
 [40 40]
 [40 40]
 [41 41]
 [41 42]
 [41 43]
 [41 45]
 [41 46]
 [41 47]
 [41 48]
 [42 42]
 [42 43]
 [42 45]
 [42 46]
 [42 47]
 [42 48]
 [42 49]
 [43 43]
 [43 45]
 [43 46]
 [43 47]
 [43 48]
 [43 49]
 [45 45]
 [45 46]
 [45 47]
 [45 48]
 [45 49]
 [45 51]
 [45 52]]"
