,chrom,resolution,total_bins_in_chrom,total_bins_with_pls_and_els,min_count,max_count,average_count,median_count,standarddeviation,total_count,list_of_counts,list_of_indexes
0,chrX,100000,2436721,178,1,30,0.00038535392439265716,3.0,5.688304202165766,939,"[ 1  1  1 24 12  6  3  3  6 30 15 15  3  3  3  3 30  6  9 12 12 12  1  1
  1  1  1  1 12  8  4  2  2  4 20 14 18  2  2  2  2 20  4 14  8 12  8  6
 12  8  4  2  2  4 20  8  6  2  2  2  2 20  4  2  8  6  8  2  4  2  1  1
  2 10  4 11  1  1  1  1 10  2  9  4  7  4  1  1  2  1  8  4  2  2  4 20
  6  2  2  2  2 20  4  8  8  9  8  2  2  4  2  3  6  4  2  1  1  2 10  4
  3  1  1  1  1 10  2  1  4  3  4  1  1  2  1  8  4  2  2  4 20  2  2  2
  2 20  4  2  8  7  8  2  2  4  2  2  2  4  2  1  1  2 10  1  1  1  1 10
  2  4  3  4  1  1  2  1  1  1]","[[ 2  2]
 [ 2  2]
 [ 2  2]
 [ 2  3]
 [ 2  4]
 [ 2  5]
 [ 2  7]
 [ 2  9]
 [ 2 11]
 [ 2 12]
 [ 2 13]
 [ 2 14]
 [ 2 19]
 [ 2 21]
 [ 2 22]
 [ 2 23]
 [ 2 24]
 [ 2 25]
 [ 2 26]
 [ 2 27]
 [ 2 28]
 [ 2 29]
 [ 2  2]
 [ 2  2]
 [ 2  2]
 [ 2  2]
 [ 2  2]
 [ 2  2]
 [ 3  3]
 [ 3  4]
 [ 3  5]
 [ 3  7]
 [ 3  9]
 [ 3 11]
 [ 3 12]
 [ 3 13]
 [ 3 14]
 [ 3 19]
 [ 3 21]
 [ 3 22]
 [ 3 23]
 [ 3 24]
 [ 3 25]
 [ 3 26]
 [ 3 27]
 [ 3 28]
 [ 3 29]
 [ 2  6]
 [ 3  6]
 [ 4  6]
 [ 5  6]
 [ 6  7]
 [ 6  9]
 [ 6 11]
 [ 6 12]
 [ 6 13]
 [ 6 14]
 [ 6 19]
 [ 6 21]
 [ 6 22]
 [ 6 23]
 [ 6 24]
 [ 6 25]
 [ 6 26]
 [ 6 27]
 [ 6 28]
 [ 6 29]
 [ 6 35]
 [ 4 13]
 [ 5 13]
 [ 7 13]
 [ 9 13]
 [11 13]
 [12 13]
 [13 13]
 [13 14]
 [13 19]
 [13 21]
 [13 22]
 [13 23]
 [13 24]
 [13 25]
 [13 26]
 [13 27]
 [13 28]
 [13 29]
 [13 35]
 [13 38]
 [13 41]
 [13 43]
 [ 4 14]
 [ 5 14]
 [ 7 14]
 [ 9 14]
 [11 14]
 [12 14]
 [14 14]
 [14 19]
 [14 21]
 [14 22]
 [14 23]
 [14 24]
 [14 25]
 [14 26]
 [14 27]
 [14 28]
 [14 29]
 [14 35]
 [14 38]
 [14 41]
 [14 43]
 [ 2 15]
 [ 3 15]
 [ 4 15]
 [ 5 15]
 [ 7 15]
 [ 9 15]
 [11 15]
 [12 15]
 [13 15]
 [14 15]
 [15 19]
 [15 21]
 [15 22]
 [15 23]
 [15 24]
 [15 25]
 [15 26]
 [15 27]
 [15 28]
 [15 29]
 [15 35]
 [15 38]
 [15 41]
 [15 43]
 [ 4 26]
 [ 5 26]
 [ 7 26]
 [ 9 26]
 [11 26]
 [12 26]
 [19 26]
 [21 26]
 [22 26]
 [23 26]
 [24 26]
 [25 26]
 [26 26]
 [26 27]
 [26 28]
 [26 29]
 [26 35]
 [26 38]
 [26 41]
 [26 43]
 [26 52]
 [26 56]
 [ 4 28]
 [ 5 28]
 [ 7 28]
 [ 9 28]
 [11 28]
 [12 28]
 [19 28]
 [21 28]
 [22 28]
 [23 28]
 [24 28]
 [25 28]
 [27 28]
 [28 28]
 [28 29]
 [28 35]
 [28 38]
 [28 41]
 [28 43]
 [28 52]
 [28 56]]"
