,chrom,resolution,total_bins_in_chrom,total_bins_with_pls_and_els,min_count,max_count,average_count,median_count,standarddeviation,total_count,list_of_counts,list_of_indexes
0,chrX,2000,6087276441,506,1,10,1.7019105507056764e-07,1.0,1.657931982517453,1036,"[ 1  1  1  1  4  1  1  2  1  1  1  1  1  1  1  1  2  3  2  1  5  1  1  1
  2  2  1  1  1  1  1  1  3  1  1  1  5  2  1  1  1  2  1  1  1  4  6  2
  8  2  2  4  2  2  2  2  2  2  2  2  4  6  4  2 10  2  2  2  4  4  2  2
  2  2  2  2  6  2  2  2 10  4  2  2  2  4  2  2  2  8  3  1  4  1  5  2
  1  1  1  1  1  1  1  1  2  3  2  1  5  1  1  1  6 10  1  1  1  1  1  1
  3  1  1  1  5  2  5  1  1  2  1  1  1  4  3  1  1  1  2  1  1  1  1  1
  1  1  1  2  3  2  1  5  1  1  1  3  4  1  1  1  1  1  1  3  1  1  1  5
  2  2  1  1  2  1  1  1  4  6  2  8  2  2  4  2  2  2  2  2  2  2  2  4
  6  4  2 10  2  2  2  4  4  2  2  2  2  2  2  6  2  2  2 10  4  2  2  2
  4  2  2  2  8  2  3  1  1  2  1  1  1  1  1  1  1  1  2  3  2  1  5  1
  1  1  2  6  1  1  1  1  1  1  3  1  1  1  5  2  3  1  1  2  1  1  1  4
  1  1  2  1  6  2  2  4  2  2  2  2  2  2  2  2  4  6  4  2 10  2  2  2
  4  2  2  2  2  2  2  6  2  2  2 10  4  4  2  2  4  2  2  2  8  2  2  4
  2  3  1  4  1  1  2  1  1  1  1  1  1  1  1  2  3  2  1  5  1  1  1  2
  2  1  1  1  1  1  1  3  1  1  1  5  2  1  1  1  2  1  1  1  4  1  1  2
  1  3  1  1  2  1  1  1  1  1  1  1  1  2  3  2  1  5  1  1  1  1  1  1
  1  1  1  3  1  1  1  5  2  1  1  1  2  1  1  1  4  1  1  2  1  1  3  1
  4  1  1  2  1  1  1  1  1  1  1  1  2  3  2  1  5  1  1  1  2  2  1  1
  1  1  1  1  3  1  1  1  5  2  1  1  1  2  1  1  1  4  1  1  2  1  1  1
  3  1  4  1  1  2  1  1  1  1  1  1  1  1  2  3  2  1  5  1  1  1  2  2
  1  1  1  1  1  1  3  1  1  1  5  2  1  1  1  2  1  1  1  4  1  1  2  1
  1  1]","[[ 138  141]
 [ 138  141]
 [ 138  141]
 ...
 [1414 2191]
 [1414 2621]
 [1414 2824]]"
