,chrom,resolution,total_bins_in_chrom,total_bins_with_pls_and_els,min_count,max_count,average_count,median_count,standarddeviation,total_count,list_of_counts,list_of_indexes
0,chr9,50000,7661824,137,1,24,7.217602492565739e-05,3.0,3.33836088790141,553,"[ 1  1  1  3  6  3  2  3  2  2  2  6 12  6  4  6  6  1  1  2  4  6  3  6
  4  3  1  1  4  6  3  6  4  3  2  2  2  6 12  6  4  6  6  1  1  1  3  6
  3  2  3  3  1  1  1  3  6  3  2  3  3  2  2  2  6 12  6  4  6  6  1  1
  1  3  6  3  2  3  3  2  2  2  1  2  1  3  6  3 14  6  3  2  2  2  1  2
  4 24 12  8 14 12  8  8  8  4  8  4  1  6  3  3  3  2  2  2  1  2  1  2
  2  2  6 12  6  4  6  6  4  4  4  2  4  2  4  2  2]","[[  4  10]
 [  4  11]
 [  4  14]
 [  4  43]
 [  4  44]
 [  4  45]
 [  4  52]
 [  4  56]
 [  9  10]
 [  9  11]
 [  9  14]
 [  9  43]
 [  9  44]
 [  9  45]
 [  9  52]
 [  9  56]
 [  9  70]
 [ 10  10]
 [ 10  11]
 [ 10  14]
 [ 10  43]
 [ 10  44]
 [ 10  45]
 [ 10  52]
 [ 10  56]
 [ 10  70]
 [ 11  14]
 [ 14  14]
 [ 14  43]
 [ 14  44]
 [ 14  45]
 [ 14  52]
 [ 14  56]
 [ 14  70]
 [ 10  16]
 [ 11  16]
 [ 14  16]
 [ 16  43]
 [ 16  44]
 [ 16  45]
 [ 16  52]
 [ 16  56]
 [ 16  70]
 [ 10  19]
 [ 11  19]
 [ 14  19]
 [ 19  43]
 [ 19  44]
 [ 19  45]
 [ 19  52]
 [ 19  56]
 [ 19  70]
 [ 10  20]
 [ 11  20]
 [ 14  20]
 [ 20  43]
 [ 20  44]
 [ 20  45]
 [ 20  52]
 [ 20  56]
 [ 20  70]
 [ 10  21]
 [ 11  21]
 [ 14  21]
 [ 21  43]
 [ 21  44]
 [ 21  45]
 [ 21  52]
 [ 21  56]
 [ 21  70]
 [ 10  40]
 [ 11  40]
 [ 14  40]
 [ 40  43]
 [ 40  44]
 [ 40  45]
 [ 40  52]
 [ 40  56]
 [ 40  70]
 [ 40  92]
 [ 40  93]
 [ 40  95]
 [ 40  98]
 [ 40  99]
 [ 11  43]
 [ 43  43]
 [ 43  44]
 [ 43  45]
 [ 43  52]
 [ 43  56]
 [ 43  70]
 [ 43  92]
 [ 43  93]
 [ 43  95]
 [ 43  98]
 [ 43  99]
 [ 11  52]
 [ 44  52]
 [ 45  52]
 [ 52  52]
 [ 52  56]
 [ 52  70]
 [ 52  92]
 [ 52  93]
 [ 52  95]
 [ 52  98]
 [ 52  99]
 [ 52 112]
 [ 11  56]
 [ 44  56]
 [ 45  56]
 [ 56  56]
 [ 56  70]
 [ 56  92]
 [ 56  93]
 [ 56  95]
 [ 56  98]
 [ 56  99]
 [ 56 112]
 [ 10  63]
 [ 11  63]
 [ 14  63]
 [ 43  63]
 [ 44  63]
 [ 45  63]
 [ 52  63]
 [ 56  63]
 [ 63  70]
 [ 63  92]
 [ 63  93]
 [ 63  95]
 [ 63  98]
 [ 63  99]
 [ 63 112]
 [ 63 120]
 [ 63 121]
 [ 63 122]]"
