,chrom,resolution,total_bins_in_chrom,total_bins_with_pls_and_els,min_count,max_count,average_count,median_count,standarddeviation,total_count,list_of_counts,list_of_indexes
0,chr7,250000,407044,91,1,108,0.005773331629995775,20.0,24.08802237882828,2350,"[  1  14  25  24   8  24   6  33  48  22   6   1   1  15  47  48  16  44
  14  59  84  38  10  28  66  22  49  25  61  81  35   8  12  36  24  60
  24  78 108  48  12  18   4  20   8  26  36  16   4   6   2  21  24  51
  66  28   6   9   3   3  33  48  22   6   9   3  15  30  75  31   6   9
   3  15  81  45  36   6   9   3  15  81   3   7   2   3   1   5  27   1
   4]","[[ 0  0]
 [ 0  2]
 [ 0  3]
 [ 0  4]
 [ 0  5]
 [ 0  6]
 [ 0  8]
 [ 0  9]
 [ 0 10]
 [ 0 11]
 [ 0 12]
 [ 0  0]
 [ 0  0]
 [ 2  2]
 [ 2  3]
 [ 2  4]
 [ 2  5]
 [ 2  6]
 [ 2  8]
 [ 2  9]
 [ 2 10]
 [ 2 11]
 [ 2 12]
 [ 3  3]
 [ 3  4]
 [ 3  5]
 [ 3  6]
 [ 3  8]
 [ 3  9]
 [ 3 10]
 [ 3 11]
 [ 3 12]
 [ 3 16]
 [ 4  4]
 [ 4  5]
 [ 4  6]
 [ 4  8]
 [ 4  9]
 [ 4 10]
 [ 4 11]
 [ 4 12]
 [ 4 16]
 [ 5  5]
 [ 5  6]
 [ 5  8]
 [ 5  9]
 [ 5 10]
 [ 5 11]
 [ 5 12]
 [ 5 16]
 [ 5 18]
 [ 6  6]
 [ 6  8]
 [ 6  9]
 [ 6 10]
 [ 6 11]
 [ 6 12]
 [ 6 16]
 [ 6 18]
 [ 8  8]
 [ 8  9]
 [ 8 10]
 [ 8 11]
 [ 8 12]
 [ 8 16]
 [ 8 18]
 [ 8 21]
 [ 9  9]
 [ 9 10]
 [ 9 11]
 [ 9 12]
 [ 9 16]
 [ 9 18]
 [ 9 21]
 [ 9 22]
 [10 10]
 [10 11]
 [10 12]
 [10 16]
 [10 18]
 [10 21]
 [10 22]
 [10 23]
 [11 11]
 [11 12]
 [11 16]
 [11 18]
 [11 21]
 [11 22]
 [11 23]
 [11 24]]"
