,chrom,resolution,total_bins_in_chrom,total_bins_with_pls_and_els,min_count,max_count,average_count,median_count,standarddeviation,total_count,list_of_counts,list_of_indexes
0,chr15,2500000,1681,66,1,120,0.13325401546698393,1.0,15.227446101832236,224,"[  1   1   1   1   1   1   1   1 120  40   1   1   1   1   1   1   1   1
   1   1   1   1   1   1   1   1   1   1   1   1   1   1   1   1   1   1
   1   1   1   1   1   1   1   1   1   1   1   1   1   1   1   1   1   1
   1   1   1   1   1   1   1   1   1   1   1   1]","[[ 9  9]
 [ 9  9]
 [ 9  9]
 [ 9  9]
 [ 9  9]
 [ 9  9]
 [ 9  9]
 [ 9  9]
 [ 9 10]
 [ 9 11]
 [ 9  9]
 [ 9  9]
 [ 9  9]
 [ 9  9]
 [ 9  9]
 [ 9  9]
 [ 9  9]
 [ 9  9]
 [ 9  9]
 [ 9  9]
 [ 9  9]
 [ 9  9]
 [ 9  9]
 [ 9  9]
 [ 9  9]
 [ 9  9]
 [ 9  9]
 [ 9  9]
 [ 9  9]
 [ 9  9]
 [ 9  9]
 [ 9  9]
 [ 9  9]
 [ 9  9]
 [ 9  9]
 [ 9  9]
 [ 9  9]
 [ 9  9]
 [ 9  9]
 [ 9  9]
 [ 9  9]
 [ 9  9]
 [ 9  9]
 [ 9  9]
 [ 9  9]
 [ 9  9]
 [ 9  9]
 [ 9  9]
 [ 9  9]
 [ 9  9]
 [ 9  9]
 [ 9  9]
 [ 9  9]
 [ 9  9]
 [ 9  9]
 [ 9  9]
 [ 9  9]
 [ 9  9]
 [ 9  9]
 [ 9  9]
 [ 9  9]
 [ 9  9]
 [ 9  9]
 [ 9  9]
 [ 9  9]
 [ 9  9]]"
