,chrom,resolution,total_bins_in_chrom,total_bins_with_pls_and_els,min_count,max_count,average_count,median_count,standarddeviation,total_count,list_of_counts,list_of_indexes
0,chr21,100000,219024,61,1.0,6.0,0.0005524508729636934,2.0,1.2993289980612694,121.0,"[1. 1. 1. 1. 1. 1. 2. 2. 1. 1. 1. 1. 2. 1. 4. 2. 2. 2. 2. 4. 2. 2. 1. 1.
 1. 5. 2. 1. 2. 1. 1. 1. 1. 2. 1. 3. 3. 3. 1. 2. 2. 2. 2. 4. 2. 6. 6. 6.
 2. 2. 1. 1. 1. 1. 2. 1. 3. 3. 3. 1. 1.]","[[139 143]
 [139 143]
 [139 146]
 [139 149]
 [139 154]
 [139 157]
 [139 162]
 [140 143]
 [140 146]
 [140 149]
 [140 154]
 [140 157]
 [140 162]
 [140 171]
 [142 143]
 [142 146]
 [142 149]
 [142 154]
 [142 157]
 [142 162]
 [142 171]
 [143 143]
 [143 146]
 [143 149]
 [143 154]
 [143 157]
 [143 162]
 [143 171]
 [143 150]
 [146 150]
 [149 150]
 [150 154]
 [150 157]
 [150 162]
 [150 171]
 [150 175]
 [150 178]
 [150 179]
 [150 181]
 [146 157]
 [149 157]
 [154 157]
 [157 157]
 [157 162]
 [157 171]
 [157 175]
 [157 178]
 [157 179]
 [157 181]
 [143 165]
 [146 165]
 [149 165]
 [154 165]
 [157 165]
 [162 165]
 [165 171]
 [165 175]
 [165 178]
 [165 179]
 [165 181]
 [165 191]]"
