,chrom,resolution,total_bins_in_chrom,total_bins_with_pls_and_els,min_count,max_count,average_count,median_count,standarddeviation,total_count,list_of_counts,list_of_indexes
0,chr8,50000,8427409,78,1,16,2.5393332636401058e-05,2.0,2.8842449904650977,214,"[ 1  1  1  1  1  3  1  1  2  7  2  1  1  3  1  7  3  1  1  8 10  2  1  1
  2  2  6  2  2  6 15  4  2  2  2  6  2  2  4 16  4  2  2  2  1  3  1  1
  7  2  1  1  1  3  1  1  3  1  1  2  7  2  1  1  1  3  1  1  3  1  1  2
  7  2  1  1  1  2]","[[  8  10]
 [  8  10]
 [  8  10]
 [  8  11]
 [  8  14]
 [  8  17]
 [  8  18]
 [  8  22]
 [  8  35]
 [  8  36]
 [  8  37]
 [  8  57]
 [  8  59]
 [ 10  10]
 [ 10  11]
 [ 10  14]
 [ 10  17]
 [ 10  18]
 [ 10  22]
 [ 10  35]
 [ 10  36]
 [ 10  37]
 [ 10  57]
 [ 10  59]
 [ 11  14]
 [ 14  14]
 [ 14  17]
 [ 14  18]
 [ 14  22]
 [ 14  35]
 [ 14  36]
 [ 14  37]
 [ 14  57]
 [ 14  59]
 [ 11  35]
 [ 17  35]
 [ 18  35]
 [ 22  35]
 [ 35  35]
 [ 35  36]
 [ 35  37]
 [ 35  57]
 [ 35  59]
 [ 35  81]
 [ 11  36]
 [ 17  36]
 [ 18  36]
 [ 22  36]
 [ 36  36]
 [ 36  37]
 [ 36  57]
 [ 36  59]
 [ 36  81]
 [ 10  39]
 [ 11  39]
 [ 14  39]
 [ 17  39]
 [ 18  39]
 [ 22  39]
 [ 35  39]
 [ 36  39]
 [ 37  39]
 [ 39  57]
 [ 39  59]
 [ 39  81]
 [ 10  52]
 [ 11  52]
 [ 14  52]
 [ 17  52]
 [ 18  52]
 [ 22  52]
 [ 35  52]
 [ 36  52]
 [ 37  52]
 [ 52  57]
 [ 52  59]
 [ 52  81]
 [ 52 103]]"
