,chrom,resolution,total_bins_in_chrom,total_bins_with_pls_and_els,min_count,max_count,average_count,median_count,standarddeviation,total_count,list_of_counts,list_of_indexes
0,chrX,250000,390625,137,1,74,0.00242176,1.0,13.19194800404007,946,"[ 1  1  1  1  1  1  1  1  1  1  1  1  1 36 10 60 74  5  5 60 51 58  5  1
  1  1  1  1  1  1  1  1  1  1  1  1  1  1  1  1  1  1  1  1  1  1  1  1
  1  1  1  1  1  1  1  1  1  1  1  1  1  1  1  1  1  1  1  1  1  1  1  1
  1  1  1  4  4 24 20  2  2 24 14 20  2  2  6 36 21  3  3 36 29 34  3  3
  6  3 13  2  2 12  7  1  1 12  5  9  1  1  2  1  4 24  2  2 24 10 23  2
  2  4  2  2  2  2 12  1  1 12  9  1  1  2  1  1  1]","[[ 1  1]
 [ 1  1]
 [ 1  1]
 [ 1  1]
 [ 1  1]
 [ 1  1]
 [ 1  1]
 [ 1  1]
 [ 1  1]
 [ 1  1]
 [ 1  1]
 [ 1  1]
 [ 1  1]
 [ 1  2]
 [ 1  3]
 [ 1  4]
 [ 1  5]
 [ 1  7]
 [ 1  8]
 [ 1  9]
 [ 1 10]
 [ 1 11]
 [ 1 14]
 [ 1  1]
 [ 1  1]
 [ 1  1]
 [ 1  1]
 [ 1  1]
 [ 1  1]
 [ 1  1]
 [ 1  1]
 [ 1  1]
 [ 1  1]
 [ 1  1]
 [ 1  1]
 [ 1  1]
 [ 1  1]
 [ 1  1]
 [ 1  1]
 [ 1  1]
 [ 1  1]
 [ 1  1]
 [ 1  1]
 [ 1  1]
 [ 1  1]
 [ 1  1]
 [ 1  1]
 [ 1  1]
 [ 1  1]
 [ 1  1]
 [ 1  1]
 [ 1  1]
 [ 1  1]
 [ 1  1]
 [ 1  1]
 [ 1  1]
 [ 1  1]
 [ 1  1]
 [ 1  1]
 [ 1  1]
 [ 1  1]
 [ 1  1]
 [ 1  1]
 [ 1  1]
 [ 1  1]
 [ 1  1]
 [ 1  1]
 [ 1  1]
 [ 1  1]
 [ 1  1]
 [ 1  1]
 [ 1  1]
 [ 1  1]
 [ 1  1]
 [ 1  1]
 [ 2  2]
 [ 2  3]
 [ 2  4]
 [ 2  5]
 [ 2  7]
 [ 2  8]
 [ 2  9]
 [ 2 10]
 [ 2 11]
 [ 2 14]
 [ 2 15]
 [ 3  5]
 [ 4  5]
 [ 5  5]
 [ 5  7]
 [ 5  8]
 [ 5  9]
 [ 5 10]
 [ 5 11]
 [ 5 14]
 [ 5 15]
 [ 5 16]
 [ 5 17]
 [ 1  6]
 [ 2  6]
 [ 3  6]
 [ 4  6]
 [ 5  6]
 [ 6  7]
 [ 6  8]
 [ 6  9]
 [ 6 10]
 [ 6 11]
 [ 6 14]
 [ 6 15]
 [ 6 16]
 [ 6 17]
 [ 3 10]
 [ 4 10]
 [ 7 10]
 [ 8 10]
 [ 9 10]
 [10 10]
 [10 11]
 [10 14]
 [10 15]
 [10 16]
 [10 17]
 [10 20]
 [10 22]
 [ 3 11]
 [ 4 11]
 [ 7 11]
 [ 8 11]
 [ 9 11]
 [11 11]
 [11 14]
 [11 15]
 [11 16]
 [11 17]
 [11 20]
 [11 22]]"
