,chrom,resolution,total_bins_in_chrom,total_bins_with_pls_and_els,min_count,max_count,average_count,median_count,standarddeviation,total_count,list_of_counts,list_of_indexes
0,chr8,10000,210656196,96,1,10,1.015873276283789e-06,2.0,1.8227678510685033,214,"[ 1  1  1  1  1  1  2  1  1  2  5  2  2  1  1  3  1  1  1  2  1  1  8  5
  5  2  1  1  6  2  2  2  4  2  2  4 10  4  4  2  2  2  2  2  4  2  2  4
 10  6  4  2  2  2  1  1  1  2  1  1  5  2  2  1  1  1  3  1  1  1  2  1
  1  2  5  2  2  1  1  1  3  1  1  1  2  1  1  2  5  2  2  1  1  1  1  1]","[[ 40  54]
 [ 40  54]
 [ 40  54]
 [ 40  57]
 [ 40  72]
 [ 40  88]
 [ 40  89]
 [ 40  90]
 [ 40 113]
 [ 40 176]
 [ 40 180]
 [ 40 182]
 [ 40 189]
 [ 40 288]
 [ 40 298]
 [ 54  54]
 [ 54  57]
 [ 54  72]
 [ 54  88]
 [ 54  89]
 [ 54  90]
 [ 54 113]
 [ 54 176]
 [ 54 180]
 [ 54 182]
 [ 54 189]
 [ 54 288]
 [ 54 298]
 [ 54  73]
 [ 57  73]
 [ 72  73]
 [ 73  88]
 [ 73  89]
 [ 73  90]
 [ 73 113]
 [ 73 176]
 [ 73 180]
 [ 73 182]
 [ 73 189]
 [ 73 288]
 [ 73 298]
 [ 57 176]
 [ 72 176]
 [ 88 176]
 [ 89 176]
 [ 90 176]
 [113 176]
 [176 176]
 [176 180]
 [176 182]
 [176 189]
 [176 288]
 [176 298]
 [176 406]
 [ 57 182]
 [ 72 182]
 [ 88 182]
 [ 89 182]
 [ 90 182]
 [113 182]
 [180 182]
 [182 182]
 [182 189]
 [182 288]
 [182 298]
 [182 406]
 [ 54 197]
 [ 57 197]
 [ 72 197]
 [ 88 197]
 [ 89 197]
 [ 90 197]
 [113 197]
 [176 197]
 [180 197]
 [182 197]
 [189 197]
 [197 288]
 [197 298]
 [197 406]
 [ 54 262]
 [ 57 262]
 [ 72 262]
 [ 88 262]
 [ 89 262]
 [ 90 262]
 [113 262]
 [176 262]
 [180 262]
 [182 262]
 [189 262]
 [262 288]
 [262 298]
 [262 406]
 [262 516]
 [262 517]]"
