,chrom,resolution,total_bins_in_chrom,total_bins_with_pls_and_els,min_count,max_count,average_count,median_count,standarddeviation,total_count,list_of_counts,list_of_indexes
0,chr10,50000,7160976,65,1,12,1.927111611601547e-05,2.0,1.8688350324997187,138,"[ 1  1  2  1  1  3  2  1  1  2  6  1  1  1  1  2  1  1  3  2  1  1  2  6
  1  1  2  2  4  2  2  6  4  2  2  4 12  2  2  1  1  2  1  1  3  2  1  1
  2  6  1  1  1  1  2  1  1  3  2  1  1  2  6  1  1]","[[ 2 18]
 [ 7 18]
 [18 18]
 [18 22]
 [18 24]
 [18 26]
 [18 44]
 [18 59]
 [18 63]
 [18 69]
 [18 75]
 [18 76]
 [18 77]
 [ 2 19]
 [ 7 19]
 [18 19]
 [19 22]
 [19 24]
 [19 26]
 [19 44]
 [19 59]
 [19 63]
 [19 69]
 [19 75]
 [19 76]
 [19 77]
 [ 2 20]
 [ 7 20]
 [18 20]
 [20 22]
 [20 24]
 [20 26]
 [20 44]
 [20 59]
 [20 63]
 [20 69]
 [20 75]
 [20 76]
 [20 77]
 [ 2 21]
 [ 7 21]
 [18 21]
 [21 22]
 [21 24]
 [21 26]
 [21 44]
 [21 59]
 [21 63]
 [21 69]
 [21 75]
 [21 76]
 [21 77]
 [ 2 34]
 [ 7 34]
 [18 34]
 [22 34]
 [24 34]
 [26 34]
 [34 44]
 [34 59]
 [34 63]
 [34 69]
 [34 75]
 [34 76]
 [34 77]]"
