,chrom,resolution,total_bins_in_chrom,total_bins_with_pls_and_els,min_count,max_count,average_count,median_count,standarddeviation,total_count,list_of_counts,list_of_indexes
0,chr11,50000,7300804,514,1,91,0.0004896720963882882,4.0,9.583746253486025,3575,"[ 1 18 12 12  6 12 12 12 24 42 42 12 30  6  6  6  6  6 12 18 30 12  6  1
  1  1  1  1  3  9  9 12 15 21 12 12 15 33 48  6 21  3  3  6  3  9  6 12
 21  9  3  1  2  6  9 12  6  6  6 15 25  2  9  1  1  3  1  5  2  5  9  4
  1  2  4 10 14  8  8 10 22 32  4 14  2  2  4  2  6  4  8 14  6  2  1  3
  2  2  1  2  2  2  4  7  7  2  5  1  1  1  1  1  2  3  5  2  1  4  4 13
 10 10 17 32 37  8 22  4  4  5  4  6  8 13 22  9  4  5 10 14 14 22 43 53
 10 29  5  5  7  5  9 10 17 29 12  5 10  2  4  8 10 22 32  4 14  2  2  4
  2  6  4  8 14  6  2  4  2  4 10 22 32  4 14  2  2  4  2  6  4  8 14  6
  2  4  1  4 23 43  2 13  1  1  5  1  9  2  7 13  6  1  2  4 28 91  8 34
  4  4 11  4 18  8 19 34 15  4  8  4  9 63 18 59  9  9 16  9 23 18 34 59
 25  9 18  9  9  2  4 10  2  2  7  2 12  4 11 20  9  2  4  2  2  2  6  4
  4  2  4  4  4  8 14 14  4 10  2  2  2  2  2  4  6 10  4  2  4  2  2  1
  3  2  2  1  2  2  2  4  7  7  2  5  1  1  1  1  1  2  3  5  2  1  2  1
  1  1  3  2  2  1  2  2  2  4  7  7  2  5  1  1  1  1  1  2  3  5  2  1
  2  1  1  1  2  1  1  1  1  3  2  4  7  3  1  2  1  1  1  3  2  2  1  2
  2  2  4  7  7  2  5  1  1  1  1  1  2  3  5  2  1  2  1  1  2  4  2  2
  2  2  4  7 12  5  2  4  2  2  1  1  3  2  2  1  2  2  2  4  7  7  2  2
  5  1  1  1  1  1  1  1  1  2  2  3  3 11  5  5  2  1  1  2  2  1  1  1
  1  1  1  2  4  2  2  2  4 10  9  2  4  2  2  2  2  6  4  4  2  4  4  4
  8 14 14  4 10  2  2  2  2  2  4  6 10  4  2  4  2  2  2  1  2  1  1  1
  2  2  1  2  1  1  1  2  6  4  4  2  4  4  4  8 14 14  4 10  2  2  2  2
  2  4  6 10  4  2  4  2  2  2]","[[  4   5]
 [  4   6]
 [  4   7]
 ...
 [ 61  76]
 [ 61  77]
 [ 61 113]]"
