,chrom,resolution,total_bins_in_chrom,total_bins_with_pls_and_els,min_count,max_count,average_count,median_count,standarddeviation,total_count,list_of_counts,list_of_indexes
0,chr8,100000,2108304,65,1,20,0.00010150338850564245,2.0,3.9873765307070186,214,"[ 1  1  1  1  1  3  1  1  2  9  1  1  4  9  3  1  1 10 13  1  1  2  6  2
  2  6 19  2  2  6  2  2  4 20  2  2  2  3  1  1  9  1  1  1  4  1  3  1
  1  2  9  1  1  1  4  1  3  1  1  2  9  1  1  1  2]","[[ 4  5]
 [ 4  5]
 [ 4  5]
 [ 4  5]
 [ 4  7]
 [ 4  8]
 [ 4  9]
 [ 4 11]
 [ 4 17]
 [ 4 18]
 [ 4 28]
 [ 4 29]
 [ 5  5]
 [ 5  7]
 [ 5  8]
 [ 5  9]
 [ 5 11]
 [ 5 17]
 [ 5 18]
 [ 5 28]
 [ 5 29]
 [ 7  7]
 [ 7  8]
 [ 7  9]
 [ 7 11]
 [ 7 17]
 [ 7 18]
 [ 7 28]
 [ 7 29]
 [ 8 17]
 [ 9 17]
 [11 17]
 [17 17]
 [17 18]
 [17 28]
 [17 29]
 [17 40]
 [ 8 18]
 [ 9 18]
 [11 18]
 [18 18]
 [18 28]
 [18 29]
 [18 40]
 [ 5 19]
 [ 7 19]
 [ 8 19]
 [ 9 19]
 [11 19]
 [17 19]
 [18 19]
 [19 28]
 [19 29]
 [19 40]
 [ 5 26]
 [ 7 26]
 [ 8 26]
 [ 9 26]
 [11 26]
 [17 26]
 [18 26]
 [26 28]
 [26 29]
 [26 40]
 [26 51]]"
