,chrom,resolution,total_bins_in_chrom,total_bins_with_pls_and_els,min_count,max_count,average_count,median_count,standarddeviation,total_count,list_of_counts,list_of_indexes
0,chr7,25000,40627876,649,1,24,5.904812744825745e-05,2.0,3.2924253191648942,2399,"[ 1  2  1  2  3  1  1  1  3  2  1  2  2  3  2  1  3  5  2  5  1  2  1  7
  5  2  1  2  4  2  4  6  2  2  2  6  4  2  4  4  6  4  2  6 10  4 10  2
  4  2 14 10  4  2  2  4  2  4  8  4  2  4 10  6  2  8  6  8  4  2  8 12
  4 12  2  8  2 14 10  6  2  4  3  6  3  6  9  3  3  3  9  6  3  6  6  9
  6  3  9 15  6 15  3  6  3 21 15  6  3  6  1  1  2  3  4  1  4  9  5  1
  8  5  6  2  1  6  8  2  8  1  8  1  7  5  5  1  2  1  1  2  1  1  2  5
  3  1  4  3  4  2  1  4  6  2  6  1  4  1  7  5  3  1  2  1  2  1  2  3
  1  1  1  3  2  1  2  2  3  2  1  3  5  2  5  1  2  1  7  5  2  1  2  1
  1  2  1  1  5  3  1  4  3  4  2  1  4  6  2  6  1  4  1  7  5  3  1  2
  2  2  4  2  6  7  2 10  7  9  4  2  9 13  4 13  2 10  2 14 10  7  2  4
  4  1  1  2  1  2  1  6  4  5  2  1  5  7  2  7  1  6  1  7  5  4  1  2
  2  1  2  1  2  3  1  1  1  3  2  1  2  2  3  2  1  3  5  2  5  1  2  1
  7  5  2  1  2  2  1  2  4  2  4  6  2  2  2  6  4  2  4  4  6  4  2  6
 10  4 10  2  4  2 14 10  4  2  4  4  2  2  2  4  2  2  4  6  8  4  2  8
 12  4 12  2  8  2 14 10  6  2  4  4  2  1  2  1  2  3  1  1  1  3  2  1
  2  2  3  2  1  3  5  2  5  1  2  1  7  5  2  1  2  2  1  1  1  2  1  1
  2  5  2  1  5  7  2  7  1  6  1  7  5  4  1  2  2  1  1  1  2  1  1  3
  2  1  6  8  2  8  1  8  1  7  5  5  1  2  2  1  3  6  3  6  9  3  3  3
  9  6  3  6  6  9  6  3  9 15  6 15  3  6  3 21 15  6  3  6  6  3  3  3
  1  1  2  1  1  2  1  3  8  2  8  1  8  1  7  5  5  1  2  2  1  1  1  1
  1  2  1  1  2  1  5  2 10  1 12  1  7  5  7  1  2  2  1  1  1  1  2  1
  2  3  1  1  1  3  2  1  2  2  3  2  1  3  5  2  5  1  2  1  7  5  2  1
  2  2  1  1  1  3  1  1  2  1  1  2  1  2  5  1 12  1  7  5  7  1  2  2
  1  1  1  3  1 12  2  2  4  2  2  4  2  4  2  4  2 14 10  6  2  4  4  2
  2  2  6  2 24 14 14  1  1  2  1  1  2  1  2  1  1  7  5  2  1  2  2  1
  1  1  3  1 12  7  7  1  1  1  2  1  2  3  1  1  1  3  2  1  2  2  3  2
  1  3  5  2  5  1  2  1  7  5  2  1  2  2  1  1  1  3  1 12  7  7  1  1
  1]","[[  1   3]
 [  1  20]
 [  1  26]
 ...
 [121 224]
 [121 233]
 [121 242]]"
