,chrom,resolution,total_bins_in_chrom,total_bins_with_pls_and_els,min_count,max_count,average_count,median_count,standarddeviation,total_count,list_of_counts,list_of_indexes
0,chr5,250000,528529,59,1,48,0.001581748589008361,12.0,9.494249003909328,836,"[ 1  9  5  9  5 10 25 19 11 18  1  1  6  7 12  7 14 29 23 13 18  2  7  4
  8 18 14  8 12  6  7 14 29 23 13 18  2  8 18 14  8 12  8 36 28 16 24 28
 48 26 24 20 22 24 16  6 12  8  2]","[[ 0  0]
 [ 0  1]
 [ 0  2]
 [ 0  3]
 [ 0  4]
 [ 0  5]
 [ 0  6]
 [ 0  7]
 [ 0 11]
 [ 0 12]
 [ 0  0]
 [ 0  0]
 [ 1  1]
 [ 1  2]
 [ 1  3]
 [ 1  4]
 [ 1  5]
 [ 1  6]
 [ 1  7]
 [ 1 11]
 [ 1 12]
 [ 2  2]
 [ 2  3]
 [ 2  4]
 [ 2  5]
 [ 2  6]
 [ 2  7]
 [ 2 11]
 [ 2 12]
 [ 3  3]
 [ 3  4]
 [ 3  5]
 [ 3  6]
 [ 3  7]
 [ 3 11]
 [ 3 12]
 [ 4  4]
 [ 4  5]
 [ 4  6]
 [ 4  7]
 [ 4 11]
 [ 4 12]
 [ 5  5]
 [ 5  6]
 [ 5  7]
 [ 5 11]
 [ 5 12]
 [ 6  6]
 [ 6  7]
 [ 6 11]
 [ 6 12]
 [ 7  7]
 [ 7 11]
 [ 7 12]
 [ 7 20]
 [11 11]
 [11 12]
 [11 20]
 [11 21]]"
