,chrom,resolution,total_bins_in_chrom,total_bins_with_pls_and_els,min_count,max_count,average_count,median_count,standarddeviation,total_count,list_of_counts,list_of_indexes
0,chr15,10000,104040000,112,1,10,2.2010765090349865e-06,2.0,1.5945688672644338,229,"[ 1  2  1  1  3  1  1  1  2  1  2  1  1  3  1  1  1  2  1  2  1  1  3  1
  1  1  2  1  2  1  1  3  1  1  1  2  3  2  2  2  1  2  1  1  3  1  1  1
  2  3  2  2  2  1  1  1  2  1  1  3  1  1  1  2  3  2  2  2  1  1  1  2
  1  1  5  7  1  1  2  3  2  2  2  1  1  1  1  1  3 10  1  1  2  3  2  2
  2  1  1  3  3  3  3  3  3  6  9  6  6  6  3  3]","[[2283 2287]
 [2283 2485]
 [2283 2486]
 [2283 2489]
 [2283 2495]
 [2283 2543]
 [2283 2548]
 [2283 2566]
 [2283 2567]
 [2287 2298]
 [2298 2485]
 [2298 2486]
 [2298 2489]
 [2298 2495]
 [2298 2543]
 [2298 2548]
 [2298 2566]
 [2298 2567]
 [2287 2303]
 [2303 2485]
 [2303 2486]
 [2303 2489]
 [2303 2495]
 [2303 2543]
 [2303 2548]
 [2303 2566]
 [2303 2567]
 [2287 2368]
 [2368 2485]
 [2368 2486]
 [2368 2489]
 [2368 2495]
 [2368 2543]
 [2368 2548]
 [2368 2566]
 [2368 2567]
 [2368 2608]
 [2368 2623]
 [2368 2624]
 [2368 2669]
 [2287 2482]
 [2482 2485]
 [2482 2486]
 [2482 2489]
 [2482 2495]
 [2482 2543]
 [2482 2548]
 [2482 2566]
 [2482 2567]
 [2482 2608]
 [2482 2623]
 [2482 2624]
 [2482 2669]
 [2482 2676]
 [2482 2707]
 [2287 2484]
 [2484 2485]
 [2484 2486]
 [2484 2489]
 [2484 2495]
 [2484 2543]
 [2484 2548]
 [2484 2566]
 [2484 2567]
 [2484 2608]
 [2484 2623]
 [2484 2624]
 [2484 2669]
 [2484 2676]
 [2484 2707]
 [2287 2485]
 [2485 2485]
 [2485 2486]
 [2485 2489]
 [2485 2495]
 [2485 2543]
 [2485 2548]
 [2485 2566]
 [2485 2567]
 [2485 2608]
 [2485 2623]
 [2485 2624]
 [2485 2669]
 [2485 2676]
 [2485 2707]
 [2287 2495]
 [2486 2495]
 [2489 2495]
 [2495 2495]
 [2495 2543]
 [2495 2548]
 [2495 2566]
 [2495 2567]
 [2495 2608]
 [2495 2623]
 [2495 2624]
 [2495 2669]
 [2495 2676]
 [2495 2707]
 [2287 2543]
 [2486 2543]
 [2489 2543]
 [2543 2543]
 [2543 2548]
 [2543 2566]
 [2543 2567]
 [2543 2608]
 [2543 2623]
 [2543 2624]
 [2543 2669]
 [2543 2676]
 [2543 2707]]"
