,chrom,resolution,total_bins_in_chrom,total_bins_with_pls_and_els,min_count,max_count,average_count,median_count,standarddeviation,total_count,list_of_counts,list_of_indexes
0,chr8,5000,842624784,121,1,10,2.8126397953184346e-07,1.0,1.5555642287181113,237,"[ 1  1  1  1  1  1  2  1  1  1  1  5  2  2  1  1  2  3  1  1  1  1  1  1
  1  2  2  1  1  1  1  5  3  1  1  5  5  4  3  2  2  1  1  1  1  4  2  2
  2  2  4  2  2  2  2 10  4  4  2  2  2  2  2  4  2  2  2  2 10  5  4  2
  2  2  1  1  1  2  1  1  1  5  2  2  1  1  1  2  1  1  1  1  2  1  1  1
  1  5  2  2  1  1  1  2  1  1  1  1  2  1  1  1  1  5  2  2  1  1  1  1
  1]","[[  81  108]
 [  81  108]
 [  81  109]
 [  81  114]
 [  81  144]
 [  81  177]
 [  81  178]
 [  81  180]
 [  81  226]
 [  81  352]
 [  81  353]
 [  81  360]
 [  81  364]
 [  81  379]
 [  81  577]
 [  81  597]
 [ 108  108]
 [ 108  109]
 [ 109  109]
 [ 108  114]
 [ 109  114]
 [ 108  144]
 [ 109  144]
 [ 108  177]
 [ 109  177]
 [ 108  178]
 [ 109  178]
 [ 108  180]
 [ 109  180]
 [ 108  226]
 [ 109  226]
 [ 108  352]
 [ 109  352]
 [ 108  353]
 [ 109  353]
 [ 108  360]
 [ 109  360]
 [ 108  364]
 [ 109  364]
 [ 108  379]
 [ 109  379]
 [ 108  577]
 [ 109  577]
 [ 108  597]
 [ 109  597]
 [ 108  146]
 [ 109  146]
 [ 114  146]
 [ 144  146]
 [ 146  177]
 [ 146  178]
 [ 146  180]
 [ 146  226]
 [ 146  352]
 [ 146  353]
 [ 146  360]
 [ 146  364]
 [ 146  379]
 [ 146  577]
 [ 146  597]
 [ 114  352]
 [ 144  352]
 [ 177  352]
 [ 178  352]
 [ 180  352]
 [ 226  352]
 [ 352  352]
 [ 352  353]
 [ 352  360]
 [ 352  364]
 [ 352  379]
 [ 352  577]
 [ 352  597]
 [ 352  813]
 [ 114  364]
 [ 144  364]
 [ 177  364]
 [ 178  364]
 [ 180  364]
 [ 226  364]
 [ 353  364]
 [ 360  364]
 [ 364  364]
 [ 364  379]
 [ 364  577]
 [ 364  597]
 [ 364  813]
 [ 108  394]
 [ 109  394]
 [ 114  394]
 [ 144  394]
 [ 177  394]
 [ 178  394]
 [ 180  394]
 [ 226  394]
 [ 352  394]
 [ 353  394]
 [ 360  394]
 [ 364  394]
 [ 379  394]
 [ 394  577]
 [ 394  597]
 [ 394  813]
 [ 108  524]
 [ 109  524]
 [ 114  524]
 [ 144  524]
 [ 177  524]
 [ 178  524]
 [ 180  524]
 [ 226  524]
 [ 352  524]
 [ 353  524]
 [ 360  524]
 [ 364  524]
 [ 379  524]
 [ 524  577]
 [ 524  597]
 [ 524  813]
 [ 524 1033]
 [ 524 1034]]"
