,chrom,resolution,total_bins_in_chrom,total_bins_with_pls_and_els,min_count,max_count,average_count,median_count,standarddeviation,total_count,list_of_counts,list_of_indexes
0,chr10,1000,17901904804,120,1,6,1.0054795954438368e-08,1.0,0.8266397845091497,180,"[1 1 1 1 1 1 1 1 3 1 2 1 1 1 1 1 2 2 2 1 1 1 1 1 1 1 1 1 1 1 1 1 3 1 2 1 1
 1 1 1 2 2 2 1 1 1 1 1 2 2 2 2 2 2 2 2 6 2 4 2 2 2 2 2 4 4 4 2 2 2 2 2 1 1
 1 1 1 1 1 1 3 1 2 1 1 1 1 1 2 2 2 1 1 1 1 1 1 1 1 1 1 1 1 1 3 1 2 1 1 1 1
 1 2 2 2 1 1 1 1 1]","[[ 136  931]
 [ 394  931]
 [ 930  931]
 [ 931  931]
 [ 931  932]
 [ 931 1110]
 [ 931 1240]
 [ 931 1309]
 [ 931 1310]
 [ 931 2201]
 [ 931 2202]
 [ 931 2964]
 [ 931 3173]
 [ 931 3455]
 [ 931 3486]
 [ 931 3775]
 [ 931 3776]
 [ 931 3783]
 [ 931 3784]
 [ 931 3786]
 [ 931 3829]
 [ 931 3830]
 [ 931 3887]
 [ 931 3888]
 [ 136  988]
 [ 394  988]
 [ 930  988]
 [ 931  988]
 [ 932  988]
 [ 988 1110]
 [ 988 1240]
 [ 988 1309]
 [ 988 1310]
 [ 988 2201]
 [ 988 2202]
 [ 988 2964]
 [ 988 3173]
 [ 988 3455]
 [ 988 3486]
 [ 988 3775]
 [ 988 3776]
 [ 988 3783]
 [ 988 3784]
 [ 988 3786]
 [ 988 3829]
 [ 988 3830]
 [ 988 3887]
 [ 988 3888]
 [ 136 1049]
 [ 394 1049]
 [ 930 1049]
 [ 931 1049]
 [ 932 1049]
 [1049 1110]
 [1049 1240]
 [1049 1309]
 [1049 1310]
 [1049 2201]
 [1049 2202]
 [1049 2964]
 [1049 3173]
 [1049 3455]
 [1049 3486]
 [1049 3775]
 [1049 3776]
 [1049 3783]
 [1049 3784]
 [1049 3786]
 [1049 3829]
 [1049 3830]
 [1049 3887]
 [1049 3888]
 [ 136 1056]
 [ 394 1056]
 [ 930 1056]
 [ 931 1056]
 [ 932 1056]
 [1056 1110]
 [1056 1240]
 [1056 1309]
 [1056 1310]
 [1056 2201]
 [1056 2202]
 [1056 2964]
 [1056 3173]
 [1056 3455]
 [1056 3486]
 [1056 3775]
 [1056 3776]
 [1056 3783]
 [1056 3784]
 [1056 3786]
 [1056 3829]
 [1056 3830]
 [1056 3887]
 [1056 3888]
 [ 136 1737]
 [ 394 1737]
 [ 930 1737]
 [ 931 1737]
 [ 932 1737]
 [1110 1737]
 [1240 1737]
 [1309 1737]
 [1310 1737]
 [1737 2201]
 [1737 2202]
 [1737 2964]
 [1737 3173]
 [1737 3455]
 [1737 3486]
 [1737 3775]
 [1737 3776]
 [1737 3783]
 [1737 3784]
 [1737 3786]
 [1737 3829]
 [1737 3830]
 [1737 3887]
 [1737 3888]]"
