,chrom,resolution,total_bins_in_chrom,total_bins_with_pls_and_els,min_count,max_count,average_count,median_count,standarddeviation,total_count,list_of_counts,list_of_indexes
0,chr2,50000,23464336,113,1,13,1.6748822553512702e-05,3.0,2.3465182082107274,393,"[ 1  2  3  5  2  1  2  3  2  4  2  4  2  6  3  2  3  4  4  7  4  4  2  8
  4  5  4  5  6  8 13  8  8  4  4  4  8  8 12  2  1  1  2  3  2  4  2  2
  1  1  1  2  2  3  3  2  6  3  3  3  1  3  1  3  3  3  2  6  4  9  2  6
  2  6  1  3  1  3  1  3  2  6  2  6  3  9  4  2  2  4  7  4  4  2  2  2
  4  4  6  2  2  1  2  3  2  2  1  1  1  2  2  3  1]","[[ 0  0]
 [ 0  3]
 [ 0  5]
 [ 0 13]
 [ 0 14]
 [ 0 15]
 [ 0 18]
 [ 0 32]
 [ 0 33]
 [ 0 34]
 [ 0 40]
 [ 3  5]
 [ 5  5]
 [ 5 13]
 [ 5 14]
 [ 5 15]
 [ 5 18]
 [ 5 32]
 [ 5 33]
 [ 5 34]
 [ 5 40]
 [ 5 63]
 [ 5 65]
 [ 3 13]
 [13 13]
 [13 14]
 [13 15]
 [13 18]
 [13 32]
 [13 33]
 [13 34]
 [13 40]
 [13 63]
 [13 65]
 [13 67]
 [13 68]
 [13 70]
 [13 71]
 [13 73]
 [ 3 14]
 [14 14]
 [14 15]
 [14 18]
 [14 32]
 [14 33]
 [14 34]
 [14 40]
 [14 63]
 [14 65]
 [14 67]
 [14 68]
 [14 70]
 [14 71]
 [14 73]
 [ 0 19]
 [ 3 18]
 [ 3 19]
 [ 5 19]
 [13 19]
 [14 19]
 [15 18]
 [15 19]
 [18 18]
 [18 19]
 [18 32]
 [19 32]
 [18 33]
 [19 33]
 [18 34]
 [19 34]
 [18 40]
 [19 40]
 [18 63]
 [19 63]
 [18 65]
 [19 65]
 [18 67]
 [19 67]
 [18 68]
 [19 68]
 [18 70]
 [19 70]
 [18 71]
 [19 71]
 [18 73]
 [19 73]
 [ 3 32]
 [15 32]
 [32 32]
 [32 33]
 [32 34]
 [32 40]
 [32 63]
 [32 65]
 [32 67]
 [32 68]
 [32 70]
 [32 71]
 [32 73]
 [32 87]
 [ 3 34]
 [15 34]
 [33 34]
 [34 34]
 [34 40]
 [34 63]
 [34 65]
 [34 67]
 [34 68]
 [34 70]
 [34 71]
 [34 73]
 [34 87]]"
