,chrom,resolution,total_bins_in_chrom,total_bins_with_pls_and_els,min_count,max_count,average_count,median_count,standarddeviation,total_count,list_of_counts,list_of_indexes
0,chr13,500000,52441,92,1,110,0.01432085581892031,1.0,17.66738408204388,751,"[  1   1   1   1   1   1   1   1   1   1  25  70 110  40  10  10   1   1
   1   1   1   1   1   1   1   1   1   1   1   1   1   1   1   1   1   1
   1   1   1   1   1   1   1   1   1   1   1   1   1   1   1   1   1   1
   1   1   3  17  28  10   2   2   1  24  78  28   6   6   3  60  44  12
  12   6  18   8   4   4   2   6   4  10   3   8  10   4   2   2   1   3
   2   3]","[[39 39]
 [39 39]
 [39 39]
 [39 39]
 [39 39]
 [39 39]
 [39 39]
 [39 39]
 [39 39]
 [39 39]
 [39 40]
 [39 41]
 [39 42]
 [39 43]
 [39 45]
 [39 46]
 [39 39]
 [39 39]
 [39 39]
 [39 39]
 [39 39]
 [39 39]
 [39 39]
 [39 39]
 [39 39]
 [39 39]
 [39 39]
 [39 39]
 [39 39]
 [39 39]
 [39 39]
 [39 39]
 [39 39]
 [39 39]
 [39 39]
 [39 39]
 [39 39]
 [39 39]
 [39 39]
 [39 39]
 [39 39]
 [39 39]
 [39 39]
 [39 39]
 [39 39]
 [39 39]
 [39 39]
 [39 39]
 [39 39]
 [39 39]
 [39 39]
 [39 39]
 [39 39]
 [39 39]
 [39 39]
 [39 39]
 [40 40]
 [40 41]
 [40 42]
 [40 43]
 [40 45]
 [40 46]
 [40 47]
 [41 41]
 [41 42]
 [41 43]
 [41 45]
 [41 46]
 [41 47]
 [42 42]
 [42 43]
 [42 45]
 [42 46]
 [42 47]
 [42 49]
 [43 43]
 [43 45]
 [43 46]
 [43 47]
 [43 49]
 [43 50]
 [39 44]
 [40 44]
 [41 44]
 [42 44]
 [43 44]
 [44 45]
 [44 46]
 [44 47]
 [44 49]
 [44 50]
 [44 51]]"
