,chrom,resolution,total_bins_in_chrom,total_bins_with_pls_and_els,min_count,max_count,average_count,median_count,standarddeviation,total_count,list_of_counts,list_of_indexes
0,chr6,250000,467856,61,1,185,0.0023746622892513937,8.0,29.79223947475681,1111,"[  1  17  43  42  12   1   1  10  59  67   8   4  20  48  44  16   4   1
   5  12  11   4   1   4   1   5  12  11   4   1   4   2   1   1   5  12
  11   4   1   4   2   1   1   1  84 185  28   7  28  14   7   7   7  99
  36   9  36  18   9   9   9]","[[ 1  1]
 [ 1  2]
 [ 1 11]
 [ 1 12]
 [ 1 13]
 [ 1  1]
 [ 1  1]
 [ 2  2]
 [ 2 11]
 [ 2 12]
 [ 2 13]
 [ 1  5]
 [ 2  5]
 [ 5 11]
 [ 5 12]
 [ 5 13]
 [ 5 16]
 [ 1  6]
 [ 2  6]
 [ 6 11]
 [ 6 12]
 [ 6 13]
 [ 6 16]
 [ 6 19]
 [ 1  8]
 [ 2  8]
 [ 8 11]
 [ 8 12]
 [ 8 13]
 [ 8 16]
 [ 8 19]
 [ 8 20]
 [ 8 21]
 [ 1 10]
 [ 2 10]
 [10 11]
 [10 12]
 [10 13]
 [10 16]
 [10 19]
 [10 20]
 [10 21]
 [10 22]
 [10 23]
 [11 11]
 [11 12]
 [11 13]
 [11 16]
 [11 19]
 [11 20]
 [11 21]
 [11 22]
 [11 23]
 [12 12]
 [12 13]
 [12 16]
 [12 19]
 [12 20]
 [12 21]
 [12 22]
 [12 23]]"
