,chrom,resolution,total_bins_in_chrom,total_bins_with_pls_and_els,min_count,max_count,average_count,median_count,standarddeviation,total_count,list_of_counts,list_of_indexes
0,chr2,10000,586608400,154,1,12,6.69952902140508e-07,2.0,2.0163043465907173,393,"[ 1  2  2  5  1  1  1  3  2  1  3  2  2  1  5  1  1  1  3  2  1  3  2  1
  1  1  1  2  1  1  1  1  1  1  2  1  2  2  1  1  1  8  4  4  4  4  6  8
  4  9  8  4  4  4  4  4  8  8 12  1  2  1  1  1  1  1  1  2  1  2  2  1
  1  1  1  1  2  2  3  1  3  2  6  1  3  1  3  1  3  1  3  1  3  1  3  2
  6  1  3  2  6  2  6  1  3  1  3  1  3  1  3  1  3  2  6  2  6  3  9  4
  2  2  2  2  4  2  5  4  2  2  2  2  2  4  4  6  2  2  1  1  1  2  1  2
  2  1  1  1  1  1  2  2  3  1]","[[  4   4]
 [  4  15]
 [  4  26]
 [  4  67]
 [  4  72]
 [  4  77]
 [  4  92]
 [  4 162]
 [  4 168]
 [  4 170]
 [  4 174]
 [  4 200]
 [ 15  26]
 [ 26  26]
 [ 26  67]
 [ 26  72]
 [ 26  77]
 [ 26  92]
 [ 26 162]
 [ 26 168]
 [ 26 170]
 [ 26 174]
 [ 26 200]
 [ 26 316]
 [ 26 319]
 [ 26 325]
 [  4  28]
 [ 15  28]
 [ 26  28]
 [ 28  67]
 [ 28  72]
 [ 28  77]
 [ 28  92]
 [ 28 162]
 [ 28 168]
 [ 28 170]
 [ 28 174]
 [ 28 200]
 [ 28 316]
 [ 28 319]
 [ 28 325]
 [ 15  67]
 [ 67  67]
 [ 67  72]
 [ 67  77]
 [ 67  92]
 [ 67 162]
 [ 67 168]
 [ 67 170]
 [ 67 174]
 [ 67 200]
 [ 67 316]
 [ 67 319]
 [ 67 325]
 [ 67 337]
 [ 67 344]
 [ 67 351]
 [ 67 355]
 [ 67 365]
 [  4  74]
 [ 15  74]
 [ 26  74]
 [ 67  74]
 [ 72  74]
 [ 74  77]
 [ 74  92]
 [ 74 162]
 [ 74 168]
 [ 74 170]
 [ 74 174]
 [ 74 200]
 [ 74 316]
 [ 74 319]
 [ 74 325]
 [ 74 337]
 [ 74 344]
 [ 74 351]
 [ 74 355]
 [ 74 365]
 [  4  94]
 [  4  95]
 [ 15  94]
 [ 15  95]
 [ 26  94]
 [ 26  95]
 [ 67  94]
 [ 67  95]
 [ 72  94]
 [ 72  95]
 [ 77  94]
 [ 77  95]
 [ 92  94]
 [ 92  95]
 [ 94 162]
 [ 95 162]
 [ 94 168]
 [ 95 168]
 [ 94 170]
 [ 95 170]
 [ 94 174]
 [ 95 174]
 [ 94 200]
 [ 95 200]
 [ 94 316]
 [ 95 316]
 [ 94 319]
 [ 95 319]
 [ 94 325]
 [ 95 325]
 [ 94 337]
 [ 95 337]
 [ 94 344]
 [ 95 344]
 [ 94 351]
 [ 95 351]
 [ 94 355]
 [ 95 355]
 [ 94 365]
 [ 95 365]
 [ 15 162]
 [ 72 162]
 [ 77 162]
 [ 92 162]
 [162 162]
 [162 168]
 [162 170]
 [162 174]
 [162 200]
 [162 316]
 [162 319]
 [162 325]
 [162 337]
 [162 344]
 [162 351]
 [162 355]
 [162 365]
 [162 438]
 [ 15 174]
 [ 72 174]
 [ 77 174]
 [ 92 174]
 [168 174]
 [170 174]
 [174 174]
 [174 200]
 [174 316]
 [174 319]
 [174 325]
 [174 337]
 [174 344]
 [174 351]
 [174 355]
 [174 365]
 [174 438]]"
