,chrom,resolution,total_bins_in_chrom,total_bins_with_pls_and_els,min_count,max_count,average_count,median_count,standarddeviation,total_count,list_of_counts,list_of_indexes
0,chr3,100000,3932289,46,1,18,4.653777990376598e-05,3.0,3.3394163147549327,183,"[ 1  1  2  4  2  2  8  2  2  5  2  2 10  6  2  2  1  1  8  9  1  2  4  2
  2  8  2  2  2  2  8 18  2  3  6  3  3 12  3  3  3  4  4  4  4  4]","[[ 1 31]
 [ 5 31]
 [20 31]
 [20 37]
 [20 38]
 [20 40]
 [20 44]
 [20 51]
 [31 31]
 [31 37]
 [31 38]
 [31 40]
 [31 44]
 [31 51]
 [31 52]
 [37 37]
 [37 38]
 [37 40]
 [37 44]
 [37 51]
 [37 52]
 [31 43]
 [37 43]
 [38 43]
 [40 43]
 [43 44]
 [43 51]
 [43 52]
 [38 44]
 [40 44]
 [44 44]
 [44 51]
 [44 52]
 [31 49]
 [37 49]
 [38 49]
 [40 49]
 [44 49]
 [49 51]
 [49 52]
 [49 76]
 [38 51]
 [40 51]
 [51 51]
 [51 52]
 [51 76]]"
